Math_Internal1,Math_Internal2,Math_Internal3,Math_Semester,Physics_Internal1,Physics_Internal2,Physics_Internal3,Physics_Semester,Chemistry_Internal1,Chemistry_Internal2,Chemistry_Internal3,Chemistry_Semester,CS_Internal1,CS_Internal2,CS_Internal3,CS_Semester,English_Internal1,English_Internal2,English_Internal3,English_Semester,Aptitude_Internal1,Aptitude_Internal2,Aptitude_Internal3,Aptitude_Semester,Semester_Average,Performance_Class
73,57,79,70,65,80,63,62,54,76,57,71,49,87,72,69,65,74,70,75,71,72,66,69,69,Average
62,58,73,64,92,70,88,78,54,59,82,75,62,65,58,53,77,72,70,66,86,65,75,68,67,Average
74,68,60,60,96,59,65,75,74,75,66,72,71,67,72,76,70,70,81,79,86,52,79,76,73,Good
68,68,68,65,72,71,70,73,66,65,84,76,78,82,75,83,54,72,68,74,79,64,74,73,74,Good
53,52,76,65,71,61,77,74,71,58,66,69,83,67,68,71,73,64,41,63,88,64,59,69,68,Average
67,63,58,61,61,70,70,64,66,68,78,71,78,76,76,83,59,65,88,71,42,68,71,48,66,Average
63,89,70,78,64,74,73,61,90,83,66,73,73,71,74,74,75,84,76,73,84,86,100,85,74,Good
74,71,85,78,72,71,76,71,68,78,73,72,56,85,63,73,72,57,83,73,83,68,77,67,72,Good
71,67,67,68,70,78,69,70,68,63,66,76,61,67,66,64,67,73,53,68,76,58,47,54,67,Average
80,73,66,73,75,71,72,69,66,93,82,73,46,71,79,64,80,71,68,76,65,67,77,70,71,Good
70,63,46,62,77,67,71,74,54,65,78,61,73,56,75,68,54,82,63,62,72,81,60,70,66,Average
81,64,62,69,79,71,54,63,69,69,90,71,75,85,93,83,75,76,72,73,74,45,77,67,71,Good
67,72,75,73,62,66,77,63,65,76,79,73,66,57,75,73,96,74,69,74,51,72,94,81,73,Good
70,70,76,75,37,64,56,54,67,70,49,59,81,84,77,74,83,77,69,65,80,64,73,73,67,Average
79,76,60,68,72,62,84,61,62,65,42,48,76,70,86,86,74,73,71,59,56,71,76,70,65,Average
74,61,81,77,80,70,56,72,67,56,84,81,70,92,71,75,64,86,62,74,64,65,80,69,75,Good
57,74,63,58,66,81,66,78,75,66,82,77,61,89,73,74,61,82,75,76,65,78,79,71,72,Good
87,76,72,80,60,86,90,82,86,64,62,70,74,66,75,74,60,75,79,73,82,58,75,66,74,Good
65,69,87,74,62,70,88,72,58,65,71,69,80,60,60,64,77,57,64,63,79,75,79,85,71,Good
57,73,64,66,81,91,78,84,67,72,84,75,61,54,75,66,64,80,66,69,70,66,72,76,73,Good
76,69,65,71,75,77,82,80,56,65,99,80,94,84,72,84,70,53,70,71,64,74,79,68,76,Good
72,79,76,90,63,73,85,82,50,70,85,85,77,66,60,78,77,62,68,70,75,61,64,58,77,Good
73,64,74,73,60,61,75,66,68,77,77,72,61,57,70,57,71,82,66,70,90,85,62,78,69,Average
53,69,60,55,72,84,79,71,60,79,60,65,76,60,71,62,64,73,54,65,70,76,72,79,66,Average
70,76,72,76,80,64,58,66,67,78,59,72,84,70,71,70,65,66,84,73,57,73,78,70,71,Good
73,52,73,65,63,76,80,79,62,67,73,73,65,68,59,58,78,84,69,81,74,64,74,78,72,Good
66,59,68,67,75,92,75,86,71,87,94,87,60,65,73,69,77,75,70,70,74,89,80,84,77,Good
72,82,76,76,84,46,91,67,64,70,69,72,59,73,64,67,69,71,65,65,73,79,64,67,69,Average
88,75,60,77,64,73,72,79,88,64,81,80,56,63,93,75,80,68,65,70,67,55,60,64,74,Good
68,73,73,72,75,59,72,69,72,71,57,59,48,78,78,73,73,49,60,61,71,68,74,71,68,Average
81,72,67,74,65,87,68,72,48,68,78,61,62,78,55,70,65,66,59,65,95,78,61,82,71,Good
70,83,64,72,58,79,69,70,67,76,74,67,61,70,77,79,73,80,54,78,76,70,68,65,72,Good
72,83,72,68,85,61,83,76,82,81,74,81,74,50,71,60,72,59,58,70,81,70,72,73,71,Good
71,53,94,73,77,70,62,64,86,80,89,86,73,67,67,64,71,62,74,71,73,87,70,80,73,Good
73,57,59,68,70,77,70,72,79,65,71,69,66,67,72,66,83,61,68,68,84,72,80,72,69,Average
75,63,72,66,64,56,61,53,60,81,61,80,75,72,61,72,64,71,96,78,81,63,70,80,72,Good
66,53,90,74,65,83,60,71,68,76,69,64,71,80,70,77,60,70,64,68,70,77,81,80,72,Good
72,64,71,68,69,70,61,67,56,63,69,52,78,49,77,62,66,75,92,80,50,80,68,66,66,Average
77,62,71,60,84,65,71,71,81,42,70,64,65,87,61,74,74,83,63,69,81,74,55,66,67,Average
86,79,63,86,73,62,87,85,70,65,68,71,83,76,71,83,67,80,67,73,69,69,66,75,79,Good
70,86,44,68,71,67,71,60,68,74,85,74,62,65,79,71,65,75,71,75,63,67,66,58,68,Average
53,59,77,67,66,60,60,60,76,79,65,67,73,62,65,73,78,72,57,69,81,66,84,84,70,Good
67,76,75,75,66,67,63,69,61,79,72,70,63,56,64,60,46,68,79,69,65,70,64,67,68,Average
76,82,86,87,67,55,84,77,63,79,67,77,65,90,78,87,65,74,60,70,79,94,75,85,80,Good
65,60,62,56,61,84,61,69,65,82,83,82,73,68,58,75,62,77,81,71,80,78,87,80,72,Good
63,71,75,77,77,78,71,82,74,61,84,78,66,65,73,71,72,73,87,84,72,79,60,71,77,Good
73,76,80,75,72,57,71,70,75,81,62,69,89,68,72,76,62,86,65,65,65,50,63,55,68,Average
80,74,64,80,58,79,80,70,84,67,73,76,69,78,78,66,83,53,80,79,59,66,59,60,72,Good
67,50,76,60,71,73,84,70,40,72,88,75,72,65,78,68,75,75,81,91,74,65,70,61,71,Good
70,80,81,73,65,57,74,69,57,65,57,55,76,63,67,60,72,70,63,67,72,62,55,71,66,Average
68,81,76,60,77,72,70,71,81,79,62,75,60,56,64,65,80,75,77,80,64,74,78,76,71,Good
62,52,60,64,68,71,59,66,60,61,66,65,76,76,54,67,68,55,70,64,75,71,65,74,67,Average
79,78,83,84,72,66,66,63,70,77,63,69,63,72,65,63,63,75,69,67,73,66,81,69,69,Average
60,73,65,65,69,63,60,56,69,76,54,65,73,60,84,72,69,68,52,67,60,68,76,76,67,Average
76,68,66,79,55,77,64,64,67,62,76,76,75,71,60,70,92,66,66,71,65,43,74,58,70,Average
78,63,71,71,60,93,56,62,83,77,60,75,85,70,96,76,77,82,79,78,67,74,78,77,73,Good
79,67,52,64,55,92,60,67,73,67,67,71,85,78,85,78,73,72,74,80,68,66,75,61,70,Good
89,82,76,85,89,78,64,77,76,60,67,73,52,57,68,62,56,69,82,71,79,64,62,72,73,Good
68,65,76,64,79,57,76,68,75,79,72,69,61,63,51,63,71,59,85,69,73,62,50,53,64,Average
78,61,84,68,76,92,60,72,71,65,54,63,59,75,61,72,62,67,78,64,72,83,54,69,68,Average
55,58,70,63,90,60,70,68,65,87,59,72,74,70,75,67,87,89,70,93,66,74,84,73,73,Good
83,60,51,75,93,72,57,77,69,69,79,75,58,67,77,71,73,79,66,73,36,66,78,60,72,Good
77,78,67,73,55,66,79,71,75,70,70,68,77,74,75,73,48,81,65,61,77,66,81,78,71,Good
74,83,70,68,78,78,51,67,54,63,61,64,71,57,79,63,73,62,66,70,75,83,69,77,68,Average
74,53,63,65,74,82,69,76,70,60,47,60,72,64,54,65,67,76,89,68,63,68,85,65,66,Average
68,83,73,74,70,60,61,62,73,79,71,81,86,78,82,77,59,75,57,61,78,84,67,72,71,Good
65,85,69,83,53,65,55,51,62,73,73,66,48,85,67,61,73,72,67,71,58,78,60,62,66,Average
48,56,77,62,76,71,76,70,76,80,82,90,72,73,55,63,68,81,64,74,70,68,72,69,71,Good
65,60,57,61,85,66,76,75,57,77,59,64,67,79,59,69,62,65,35,62,76,62,59,62,66,Average
66,53,68,60,65,74,77,73,80,76,67,71,73,76,84,84,65,69,77,76,79,69,57,63,71,Good
71,78,53,66,69,77,68,66,70,59,51,63,76,75,83,75,56,69,67,60,69,64,52,58,65,Average
86,67,68,71,89,86,92,89,73,55,85,66,72,59,64,61,64,65,65,69,59,72,82,70,71,Good
74,62,68,66,74,76,79,78,72,89,55,78,67,76,67,66,75,80,75,74,100,82,79,85,74,Good
59,64,61,58,68,78,67,63,81,62,69,73,72,81,75,71,92,72,69,81,72,74,95,81,71,Good
75,76,66,64,70,70,59,58,69,68,66,67,59,66,75,66,53,65,59,61,73,53,78,63,63,Average
62,68,65,65,93,51,77,66,65,81,71,67,63,77,63,68,70,63,91,80,50,72,63,66,69,Average
76,69,84,75,80,70,64,73,74,74,71,72,94,82,77,84,80,75,70,73,69,38,72,59,73,Good
55,68,61,64,78,59,63,70,61,59,58,61,73,63,70,77,60,50,75,62,63,77,78,62,66,Average
76,66,74,72,81,69,52,72,61,63,64,70,49,100,81,78,69,73,75,76,76,71,68,70,73,Good
85,80,80,80,62,66,53,66,67,83,58,74,65,57,86,77,72,70,74,73,62,66,90,88,76,Good
63,64,70,65,55,66,69,61,77,79,69,76,48,66,80,64,63,93,88,84,81,48,62,61,68,Average
64,72,55,54,77,51,60,53,65,74,71,82,81,61,58,79,81,76,71,77,55,72,71,62,68,Average
76,84,64,74,73,60,70,61,52,74,66,65,70,60,70,61,84,56,68,64,76,67,65,73,66,Average
81,72,75,74,72,75,64,69,69,78,59,68,89,82,83,85,73,80,86,70,57,83,67,66,72,Good
77,68,70,80,70,73,58,65,76,54,72,68,70,80,73,82,60,71,71,62,80,93,70,82,73,Good
61,69,62,63,80,77,95,91,72,77,68,66,83,80,68,77,82,78,55,72,68,81,80,84,76,Good
55,77,77,78,62,77,67,75,80,72,67,77,76,63,57,63,85,81,59,68,83,59,75,69,72,Good
54,67,74,66,58,54,63,62,86,79,81,81,53,65,67,60,71,74,79,74,51,65,70,69,69,Average
73,56,66,66,87,59,80,83,64,67,60,62,70,77,81,72,50,70,73,66,67,71,85,77,71,Good
70,69,54,59,92,72,68,86,66,69,80,70,63,47,61,53,72,64,92,72,84,72,78,82,70,Good
83,82,58,76,70,64,51,55,77,78,68,78,79,72,63,73,75,77,79,70,65,51,77,65,70,Average
63,72,51,65,90,58,69,76,70,72,66,67,69,70,58,65,86,66,58,68,63,57,71,61,67,Average
80,75,59,82,56,79,74,64,69,69,83,71,67,47,87,64,73,69,69,74,87,73,77,80,72,Good
60,58,65,61,58,85,57,72,82,79,63,75,57,79,69,67,58,45,60,60,66,68,77,80,69,Average
90,71,75,80,75,69,70,76,93,56,69,67,86,64,56,70,87,77,72,80,84,61,69,69,74,Good
72,69,69,71,57,70,72,67,68,81,66,72,83,69,72,74,82,67,83,78,61,77,67,71,72,Good
80,78,57,69,91,65,63,73,65,62,65,71,69,57,55,71,68,74,62,69,85,63,75,67,70,Good
90,79,62,79,71,74,71,78,73,69,80,76,71,73,69,71,64,62,60,55,61,68,71,66,71,Good
68,62,61,59,69,73,73,76,70,85,67,87,76,61,59,67,68,77,75,73,62,55,66,65,71,Good
80,87,54,63,64,76,75,77,58,47,79,59,50,71,78,67,65,68,66,60,63,75,73,72,66,Average
78,51,62,56,65,75,68,66,83,47,82,69,69,65,85,68,70,75,54,61,69,61,62,62,64,Average
66,76,70,70,93,56,83,81,65,86,52,63,58,74,59,65,68,65,74,68,59,98,65,62,68,Average
76,63,80,72,66,70,64,68,65,75,82,71,69,75,66,72,76,81,64,68,67,60,76,63,69,Average
72,59,73,63,61,67,59,60,58,52,80,59,68,78,64,65,72,81,58,69,53,66,70,59,62,Average
82,66,52,66,60,63,67,62,71,77,66,73,70,79,68,72,66,68,62,61,78,59,67,73,68,Average
60,73,77,78,89,71,81,67,86,63,68,74,68,72,86,75,59,88,75,84,79,57,76,66,74,Good
63,63,91,79,46,64,52,49,39,69,59,56,54,71,66,71,84,78,67,85,54,56,69,72,69,Average
91,83,82,83,72,57,75,70,70,80,58,76,79,69,69,74,85,71,71,76,88,66,70,81,77,Good
74,74,82,84,69,75,88,78,59,66,57,62,81,69,54,71,52,55,68,61,74,69,88,78,72,Good
65,56,71,61,59,63,95,75,74,58,52,56,84,73,76,81,64,84,64,77,74,52,63,54,67,Average
78,82,80,81,63,69,75,74,73,66,76,76,74,62,68,73,56,49,85,68,76,59,77,73,74,Good
56,68,60,61,77,80,78,77,70,74,52,67,55,90,66,69,62,64,93,80,55,85,82,73,71,Good
61,73,100,84,97,76,64,79,88,88,64,80,56,78,86,75,63,74,74,71,72,68,80,78,78,Good
63,75,60,65,73,60,57,65,81,69,65,72,71,72,45,55,62,72,72,72,73,57,84,79,68,Average
48,59,64,58,69,69,74,66,79,74,67,81,86,79,40,73,78,90,82,91,79,83,90,86,76,Good
77,76,84,70,77,80,57,65,61,63,65,65,79,81,62,68,83,76,71,79,70,75,67,71,70,Average
66,65,68,75,68,70,65,73,90,75,71,78,46,77,71,68,63,66,66,70,66,91,74,70,72,Good
62,73,52,64,61,64,59,65,80,70,61,78,62,48,75,58,80,66,76,81,58,64,69,72,70,Average
55,63,78,79,50,68,74,62,78,61,72,68,82,63,66,75,60,71,52,54,74,60,65,68,68,Average
71,63,52,57,56,87,69,69,79,59,62,67,80,75,72,76,74,72,60,68,59,71,65,78,69,Average
67,86,76,75,77,67,82,78,69,74,54,59,58,71,87,85,76,75,52,63,62,64,68,63,70,Good
73,95,52,71,76,71,69,65,72,62,48,66,80,71,72,79,72,79,67,79,73,72,57,68,71,Good
51,55,73,57,81,80,77,88,69,76,64,82,90,70,74,84,69,63,79,71,72,62,53,62,74,Good
81,86,73,75,53,80,52,59,68,69,70,70,46,70,48,58,64,48,62,56,82,72,73,81,66,Average
72,70,99,79,63,77,64,66,59,75,75,69,77,51,63,63,58,53,67,63,83,65,77,78,70,Average
66,77,81,79,67,59,48,56,82,59,77,68,71,77,63,71,66,77,72,72,86,77,63,73,70,Average
59,73,76,73,62,60,65,64,85,50,68,61,53,80,75,72,79,65,66,81,68,77,70,62,69,Average
74,70,85,62,75,77,81,78,72,80,85,78,73,87,49,64,85,81,75,78,61,64,85,69,72,Good
57,80,71,71,62,55,80,67,79,66,68,74,77,78,67,76,81,69,65,78,63,76,69,60,71,Good
93,64,55,59,77,51,66,67,72,74,72,79,60,63,62,66,79,75,82,73,87,85,77,91,72,Good
49,84,48,58,58,61,84,70,60,64,62,62,72,89,51,68,67,79,74,76,73,61,82,77,68,Average
91,61,67,71,66,76,79,73,58,83,69,78,48,72,89,70,68,73,64,66,67,64,82,74,72,Good
97,89,71,81,71,72,58,67,83,52,78,79,64,87,63,73,67,67,64,69,78,69,56,69,73,Good
69,78,77,68,85,56,79,66,76,89,68,75,76,67,88,79,67,65,61,61,66,65,63,75,71,Good
75,69,76,81,68,68,86,79,65,75,65,66,72,51,53,55,60,73,61,57,85,68,71,67,68,Average
77,62,60,69,74,72,62,71,62,69,84,70,54,59,80,67,69,65,75,66,73,63,61,62,68,Average
81,73,59,68,64,71,83,73,69,88,79,81,90,75,50,74,54,75,53,57,66,62,67,70,70,Good
57,79,70,75,74,70,68,73,66,61,76,68,70,81,69,73,64,74,73,75,64,65,78,71,72,Good
79,79,68,78,40,83,68,65,67,84,59,76,74,76,67,65,79,73,84,78,66,84,89,81,74,Good
68,71,83,78,77,77,68,75,59,83,42,59,81,56,74,68,66,79,72,62,60,80,74,81,70,Good
80,53,64,61,52,60,94,74,89,78,63,73,76,74,64,63,100,69,67,78,68,71,83,74,70,Good
71,76,82,70,68,74,76,73,75,62,86,80,57,59,60,62,57,67,75,67,73,59,76,67,70,Average
63,87,68,72,81,83,69,75,69,73,79,74,76,86,74,80,55,44,74,59,65,72,69,75,72,Good
51,61,66,69,76,57,75,62,81,65,69,78,57,56,64,65,55,42,65,58,82,65,66,76,68,Average
78,71,80,76,74,70,69,72,75,58,84,64,63,69,74,77,51,65,49,55,73,86,71,81,71,Good
88,57,73,81,76,72,60,62,78,85,66,69,45,60,69,67,77,73,66,68,84,72,49,63,68,Average
83,54,65,68,61,66,68,64,89,74,75,81,76,69,67,71,82,81,68,80,68,70,65,67,72,Good
68,61,79,69,76,58,87,82,51,62,75,57,69,74,68,73,63,48,80,70,95,48,78,64,69,Average
59,72,75,75,86,60,62,62,68,75,80,74,67,72,62,77,54,72,90,74,68,66,68,75,73,Good
56,80,75,75,80,65,57,66,72,65,73,72,61,74,67,64,78,62,65,69,84,72,75,75,70,Good
63,70,70,60,61,64,50,58,68,53,74,69,72,67,76,75,73,62,73,76,64,91,65,73,68,Average
64,60,73,57,67,72,67,61,86,71,84,80,61,73,68,61,85,64,52,72,65,64,52,68,66,Average
59,66,84,73,77,59,66,67,61,53,65,67,71,84,72,71,83,72,80,73,80,81,73,73,71,Good
72,83,60,76,83,69,49,62,83,70,60,67,78,75,68,71,66,61,86,71,82,85,80,80,71,Good
57,64,56,69,70,69,76,77,79,81,64,72,78,65,70,73,78,52,77,69,77,78,86,88,75,Good
74,75,63,66,69,61,78,68,41,66,60,48,58,71,83,73,64,75,65,64,58,52,66,61,63,Average
71,71,78,70,53,72,73,74,57,82,94,77,57,66,70,68,64,86,59,60,81,47,68,81,72,Good
69,75,85,83,56,72,77,72,64,99,57,66,72,91,62,72,81,70,67,75,73,80,83,81,75,Good
80,82,69,75,72,59,68,70,76,67,72,68,77,69,67,69,69,66,77,69,86,85,61,76,71,Good
81,66,70,66,87,89,72,87,72,57,66,66,65,68,69,67,71,59,63,58,80,49,82,78,70,Good
65,56,71,70,59,64,75,73,55,68,73,66,45,75,85,71,60,65,88,77,76,74,63,69,71,Good
79,73,70,82,91,64,50,56,83,70,72,66,62,67,72,66,60,62,82,71,76,61,40,55,66,Average
70,99,53,77,68,78,74,70,72,51,76,69,76,81,74,77,61,63,82,77,68,70,61,72,74,Good
64,75,73,71,79,63,64,68,64,75,63,68,69,72,65,67,71,72,70,79,60,69,54,62,69,Average
82,57,67,64,74,82,64,60,66,79,75,76,67,57,75,63,92,76,64,73,69,68,81,74,68,Average
67,66,56,58,59,88,79,82,77,59,65,69,58,77,68,66,77,74,66,78,59,76,76,69,70,Good
67,77,89,80,65,68,95,79,64,59,52,59,77,66,70,65,71,75,65,78,62,73,78,71,72,Good
74,78,63,56,75,58,50,46,78,71,68,79,76,86,56,71,54,68,68,67,70,76,77,86,68,Average
81,69,69,65,67,60,65,59,66,66,71,60,56,74,62,69,72,76,84,77,64,79,75,72,67,Average
75,73,75,76,69,63,75,78,65,60,59,57,72,49,74,69,52,60,71,61,75,69,83,75,69,Average
85,74,80,78,77,73,60,71,60,64,72,67,58,81,76,68,55,69,66,64,66,50,66,60,68,Average
81,77,79,84,73,68,62,65,65,77,73,75,58,84,66,64,66,95,66,73,68,69,62,67,71,Good
58,53,52,48,63,90,65,73,74,71,69,65,85,88,53,68,67,60,75,65,92,82,72,86,68,Average
71,63,80,71,75,65,64,68,70,75,67,61,66,78,67,69,80,63,55,64,65,60,68,67,67,Average
73,78,58,62,75,73,73,75,63,72,73,66,89,75,58,76,60,78,82,70,80,74,78,87,73,Good
71,71,74,74,73,72,71,75,48,85,48,54,68,77,40,59,78,80,63,71,64,66,60,58,65,Average
58,68,65,71,82,71,57,63,70,73,66,67,64,70,46,53,64,82,62,69,72,83,83,79,67,Average
63,52,75,71,69,80,86,85,86,77,71,69,68,62,92,75,71,76,70,81,64,72,63,59,73,Good
75,50,59,61,71,79,70,73,72,67,71,76,69,70,70,76,59,88,58,64,77,80,56,64,69,Average
64,54,77,68,76,60,58,64,71,69,67,77,74,90,83,91,59,76,66,59,85,67,59,67,71,Good
79,74,74,73,75,67,76,63,66,87,62,68,66,58,48,55,71,69,69,70,80,68,64,69,66,Average
67,44,66,60,60,65,85,75,61,54,67,60,75,65,75,82,78,70,68,70,82,64,70,72,70,Average
78,72,55,66,67,59,55,62,73,58,63,70,61,72,68,70,61,71,72,70,71,73,92,93,72,Good
68,67,74,69,67,52,61,62,87,69,73,81,62,74,63,70,72,73,62,72,91,60,67,73,71,Good
64,77,80,77,86,74,58,78,64,79,86,79,55,61,83,67,71,78,77,77,68,67,79,75,76,Good
66,79,73,73,50,83,72,68,81,82,82,81,60,80,56,74,70,59,58,56,71,70,58,64,69,Average
82,51,67,66,70,72,76,73,66,66,64,69,64,78,70,68,76,63,76,73,64,75,75,78,71,Good
69,66,61,68,57,78,60,61,55,65,80,71,80,75,59,68,62,83,58,71,79,88,66,80,70,Average
57,69,64,65,59,72,66,59,57,58,68,62,73,73,62,74,66,75,68,71,68,74,70,75,68,Average
68,56,84,70,75,77,64,70,83,59,91,75,58,71,92,66,69,75,70,73,63,64,69,60,69,Average
56,72,76,72,51,62,61,59,75,85,65,71,81,73,83,81,58,57,54,60,82,88,78,88,72,Good
70,58,85,77,68,70,72,60,68,63,60,62,88,76,64,78,84,79,71,74,77,74,79,80,72,Good
61,73,81,68,74,79,59,69,73,62,61,64,78,76,61,74,62,54,66,67,77,70,66,68,68,Average
70,71,78,62,64,72,82,71,51,76,64,58,64,68,64,54,79,83,77,73,68,70,76,75,66,Average
68,65,44,60,75,86,62,69,43,67,79,62,91,67,71,69,73,50,77,71,84,60,72,74,68,Average
79,55,44,63,56,68,58,52,75,78,64,59,65,74,55,65,70,76,71,67,82,68,70,68,62,Average
67,72,71,70,62,67,70,60,65,74,57,70,83,58,84,75,74,65,79,75,62,58,55,59,68,Average
81,63,68,76,84,63,72,74,74,67,83,66,66,74,75,79,82,67,83,74,79,88,82,84,76,Good
86,59,75,76,61,84,67,68,91,75,79,88,63,82,65,67,67,64,78,72,65,77,67,68,73,Good
78,69,73,74,74,67,65,65,56,59,66,53,56,80,72,68,93,54,80,75,78,71,51,66,67,Average
72,78,55,73,73,66,76,84,72,72,65,65,78,61,71,68,75,73,80,74,67,60,66,66,72,Good
75,87,80,80,77,76,75,81,81,69,76,74,61,67,69,58,79,42,97,83,67,70,73,68,74,Good
80,77,50,74,71,74,61,74,58,78,78,67,90,72,77,72,91,58,80,72,64,78,80,68,71,Good
73,70,90,75,71,66,56,74,58,72,53,58,74,62,76,70,82,84,64,76,72,76,70,73,71,Good
75,75,56,67,73,66,73,75,70,72,84,78,72,60,77,72,83,70,52,58,77,64,74,73,70,Good
64,74,55,69,55,68,72,71,71,76,70,72,71,68,53,59,72,68,68,68,61,65,67,65,67,Average
81,72,74,63,78,64,63,66,66,63,70,64,71,55,68,60,64,71,54,58,76,56,88,81,65,Average
52,57,61,57,60,73,68,67,81,58,74,71,67,79,79,70,68,73,67,72,73,88,55,70,68,Average
68,69,70,68,80,92,64,70,69,96,62,82,87,64,76,84,66,68,64,61,64,58,70,61,71,Good
69,71,95,82,50,65,51,53,50,61,55,57,70,73,69,64,75,89,74,77,56,61,75,70,67,Average
66,69,67,60,65,69,82,84,83,62,63,68,88,68,57,67,78,77,68,77,47,71,79,63,70,Average
68,76,79,74,67,48,62,54,77,68,67,70,61,86,83,85,77,70,86,75,61,64,75,64,70,Good
84,63,73,75,77,81,63,72,64,69,77,63,81,59,67,75,73,73,58,62,79,64,65,74,70,Good
77,66,71,71,61,69,69,65,70,71,66,75,58,63,98,70,56,77,49,59,91,55,50,56,66,Average
66,62,66,66,71,74,79,82,73,59,67,62,87,90,77,88,73,74,54,65,61,73,69,78,74,Good
67,72,67,69,66,60,75,65,72,74,64,63,94,65,76,88,78,67,69,67,79,76,65,67,70,Average
57,70,78,70,73,81,63,70,86,68,57,66,61,74,61,66,63,49,73,63,75,63,62,68,67,Average
83,67,81,75,61,60,59,63,63,60,77,69,80,75,62,72,71,61,59,60,90,66,82,77,69,Average
54,73,62,62,73,68,72,75,73,64,64,59,61,90,62,64,73,69,68,77,75,65,66,66,67,Average
47,59,54,55,65,65,60,47,85,60,66,63,80,71,62,68,87,69,68,69,51,68,73,71,62,Average
67,77,85,78,86,56,53,64,74,70,49,62,57,77,74,65,65,59,69,70,60,75,65,62,67,Average
83,90,72,76,65,68,60,58,91,73,62,78,58,59,62,68,67,46,82,65,52,67,75,68,69,Average
93,83,70,85,54,95,64,70,51,75,59,62,65,59,62,63,57,63,77,80,75,61,66,67,71,Good
82,70,48,66,65,55,87,71,67,66,55,55,83,65,70,62,57,76,74,78,83,68,75,74,68,Average
81,66,77,71,65,85,67,63,69,69,82,74,66,80,71,69,82,72,70,75,59,65,70,64,69,Average
75,78,71,76,71,77,73,74,67,71,75,73,74,83,73,73,79,56,59,66,75,58,66,63,71,Good
82,77,74,82,70,61,68,63,63,69,62,63,51,72,70,61,77,79,54,65,62,61,78,67,67,Average
64,76,87,79,58,74,82,69,69,70,62,70,69,74,61,65,77,66,87,76,72,79,56,59,70,Average
85,59,64,59,85,68,66,72,76,73,96,86,65,64,66,58,70,78,64,66,85,56,49,56,66,Average
70,62,76,72,85,83,63,80,60,77,65,62,73,43,52,55,71,66,54,59,74,76,70,79,68,Average
64,64,89,70,94,74,71,81,95,60,59,66,70,53,70,73,72,67,64,72,62,88,89,82,74,Good
86,62,81,78,73,50,48,55,72,59,59,66,76,69,78,69,66,86,71,75,93,56,78,84,71,Good
75,82,52,73,95,65,89,82,56,67,80,65,64,76,70,73,72,75,66,72,61,83,64,74,73,Good
79,82,64,78,62,92,63,77,78,73,63,70,48,72,73,66,40,57,63,56,73,68,76,68,69,Average
74,71,79,79,70,61,63,62,67,73,77,72,70,71,65,64,52,63,75,61,68,75,75,67,68,Average
73,64,68,66,64,78,74,69,79,73,78,80,62,64,77,72,70,71,83,72,75,68,68,76,72,Good
63,72,53,59,59,71,80,74,46,90,73,66,72,72,63,69,64,66,63,57,71,76,75,78,67,Average
65,79,77,74,65,57,84,73,63,77,69,68,74,63,67,68,65,77,89,74,53,50,68,55,69,Average
78,60,71,61,85,56,65,75,68,58,77,72,64,65,66,64,51,68,88,66,64,58,76,73,68,Average
63,74,48,58,88,74,72,87,47,62,66,63,79,61,80,72,82,60,69,68,81,65,70,74,70,Good
72,82,65,76,54,61,52,54,70,71,71,66,68,55,84,69,65,86,58,63,59,69,74,72,67,Average
73,74,73,73,85,57,80,79,77,81,69,66,69,60,63,58,65,64,46,61,92,76,68,77,69,Average
48,68,82,67,85,75,52,69,73,81,88,86,74,77,68,65,70,74,58,73,80,56,84,73,72,Good
61,51,63,56,66,60,63,63,62,75,77,84,81,72,64,73,73,65,78,66,68,76,67,69,68,Average
80,66,65,66,69,66,82,71,62,89,65,72,75,59,82,76,86,63,71,73,73,55,71,60,70,Average
60,60,67,67,71,64,73,68,79,73,67,74,83,64,74,73,74,63,71,75,61,57,57,52,68,Average
71,78,69,70,75,69,87,84,80,78,57,73,74,76,75,77,97,69,79,79,78,79,74,85,78,Good
56,75,89,77,73,70,54,71,64,75,54,58,84,67,85,79,52,79,64,68,70,55,72,77,72,Good
56,76,54,62,66,82,66,76,65,80,91,74,73,97,71,80,78,70,53,71,50,66,82,66,72,Good
65,79,82,72,63,77,72,67,66,69,54,66,65,42,70,56,87,64,59,71,63,62,75,63,66,Average
61,64,83,67,71,62,67,67,62,60,73,62,62,61,69,69,85,63,92,76,81,63,61,64,68,Average
62,78,67,72,67,86,63,74,65,67,66,70,79,76,69,75,79,79,43,63,68,77,69,75,72,Good
67,64,85,66,71,69,78,73,52,67,60,60,84,53,62,63,66,77,68,72,64,72,78,68,67,Average
80,62,55,64,69,75,79,75,89,72,67,67,67,67,80,74,58,72,77,77,79,78,71,77,72,Good
63,78,75,77,69,76,66,80,62,91,70,67,84,71,79,84,73,64,80,73,77,48,74,64,74,Good
61,65,72,71,72,83,63,66,73,69,75,73,67,69,70,67,68,66,79,73,93,72,64,88,73,Good
65,63,73,66,64,66,63,65,56,73,77,66,89,70,54,68,71,74,67,65,59,63,64,57,64,Average
70,77,68,67,67,84,87,70,81,73,79,75,52,76,61,56,57,76,71,72,77,66,69,68,68,Average
78,81,75,68,68,58,68,70,73,81,73,69,45,71,68,57,53,63,68,65,72,86,60,76,68,Average
73,59,83,77,66,68,69,64,66,67,86,79,79,74,59,69,80,57,76,83,81,84,72,83,76,Good
64,70,66,63,56,69,55,63,71,55,67,61,73,83,51,68,68,77,72,69,67,62,81,71,66,Average
75,56,74,58,76,79,64,73,90,65,59,78,90,70,80,87,63,65,82,80,76,61,90,74,75,Good
76,76,64,80,70,73,64,64,75,72,62,62,57,82,64,66,85,59,63,64,86,90,78,88,71,Good
86,72,72,75,69,66,75,71,58,73,45,59,56,69,58,61,76,85,55,75,71,65,78,71,69,Average
84,84,70,79,81,55,67,74,80,74,55,68,64,73,62,61,49,82,66,67,70,59,57,57,68,Average
67,67,78,73,76,80,67,70,59,62,99,82,56,57,75,67,75,67,69,72,71,48,68,58,70,Good
67,73,86,81,74,75,70,76,45,67,72,57,74,68,88,85,65,68,69,66,72,62,59,67,72,Good
62,78,79,78,57,65,78,68,59,75,63,74,85,76,84,82,78,85,72,76,53,69,78,73,75,Good
83,69,66,70,79,74,73,79,49,73,72,74,55,86,71,73,87,76,74,80,65,70,63,65,74,Good
76,75,74,74,88,75,60,74,78,64,81,77,47,73,66,65,79,72,87,79,76,78,69,78,74,Good
71,70,59,72,73,74,62,67,68,55,53,55,75,63,60,61,65,66,92,82,80,82,60,66,67,Average
67,70,57,67,79,65,65,71,66,69,91,76,66,64,77,69,64,83,84,75,51,80,63,69,71,Good
52,83,66,75,72,90,76,72,64,68,61,62,56,70,72,62,89,71,62,65,71,67,78,72,68,Average
71,85,58,63,72,71,72,73,68,85,54,63,69,54,68,72,70,72,57,63,66,67,83,76,68,Average
61,71,82,77,70,66,79,76,64,62,49,58,69,81,74,81,63,81,65,73,55,72,50,57,70,Good
62,69,49,60,82,56,75,68,78,72,74,75,83,73,63,73,66,72,66,64,72,71,81,73,69,Average
68,54,75,59,61,82,82,77,73,65,62,64,55,73,70,62,86,76,77,77,70,76,72,80,70,Average
62,65,76,60,65,81,66,60,83,77,79,71,85,62,65,67,79,68,75,75,69,61,88,67,67,Average
75,72,73,79,82,83,70,81,83,64,67,71,79,79,68,67,72,61,55,56,73,84,70,76,72,Good
57,73,76,73,73,67,80,75,65,68,53,60,77,73,85,78,75,78,93,84,60,78,89,75,74,Good
78,78,71,86,66,61,74,64,75,62,66,77,66,62,82,66,63,76,79,80,63,76,65,65,73,Good
79,66,44,62,74,74,82,72,77,82,52,70,65,69,73,67,63,70,59,58,77,59,77,74,67,Average
67,58,86,65,66,71,84,68,82,70,60,72,72,64,71,67,71,77,86,72,91,50,68,73,70,Average
88,80,69,82,66,78,46,57,80,68,72,66,88,82,68,76,80,90,80,94,61,62,58,62,73,Good
87,67,95,84,60,64,47,64,86,60,68,71,60,52,68,59,66,72,84,74,72,77,76,72,71,Good
74,76,65,79,58,55,72,68,87,65,81,78,68,79,77,67,85,84,64,78,75,73,64,67,73,Good
80,65,83,78,91,63,87,82,63,65,67,67,75,64,70,80,87,74,70,77,76,60,67,59,74,Good
83,69,57,66,55,59,74,58,81,69,71,72,78,78,73,79,68,75,67,70,67,65,63,67,69,Average
65,76,70,63,60,72,69,64,65,77,65,68,92,56,51,69,63,67,62,63,86,78,79,74,67,Average
64,62,65,75,66,79,66,71,78,64,64,76,80,78,78,81,90,70,76,71,62,58,83,56,72,Good
59,70,67,66,65,83,71,68,79,57,83,79,84,68,65,72,69,63,64,64,58,77,69,67,69,Average
83,63,73,72,57,59,61,65,69,65,61,70,85,82,75,81,58,68,63,54,81,63,82,80,70,Good
96,71,76,88,83,75,69,77,62,72,59,55,71,83,79,77,87,64,51,55,58,78,64,69,70,Good
63,72,65,65,87,83,57,78,78,59,78,80,59,61,80,69,76,73,74,68,80,82,68,76,73,Good
83,79,63,74,65,62,80,64,61,59,55,59,82,68,55,71,87,64,65,74,86,65,57,71,69,Average
56,59,50,54,64,60,69,67,91,55,82,81,62,72,65,67,85,76,75,76,55,68,82,62,68,Average
84,61,77,68,84,72,79,70,77,70,79,80,71,64,78,71,61,61,55,56,81,72,65,76,70,Good
58,66,66,55,60,62,84,71,77,55,82,79,50,63,75,67,63,67,64,65,82,62,80,71,68,Average
69,75,88,77,47,75,72,61,74,78,61,68,85,63,71,59,55,72,82,64,71,66,80,67,66,Average
82,58,75,79,75,75,65,72,82,73,58,67,82,73,71,72,82,87,83,91,66,65,68,67,75,Good
79,58,70,70,67,78,78,74,67,85,79,78,54,73,77,55,73,66,68,64,69,84,66,77,70,Average
75,69,81,77,72,59,72,73,62,84,69,67,80,67,78,74,69,75,73,62,59,79,69,66,70,Average
76,66,56,66,55,83,68,75,65,73,72,70,66,74,61,60,82,77,71,84,67,83,72,69,71,Good
73,93,82,82,46,71,74,63,61,72,61,74,85,77,71,74,70,86,79,79,79,75,74,81,76,Good
64,47,76,64,81,73,71,80,83,56,62,66,71,68,74,76,87,76,61,73,69,75,74,83,74,Good
67,74,80,69,80,76,65,67,71,59,80,66,75,69,64,69,81,58,66,64,70,63,52,55,65,Average
51,68,55,57,70,81,55,72,71,80,66,65,58,57,75,72,64,76,55,65,77,56,68,70,67,Average
76,73,60,61,85,84,45,67,87,65,65,70,59,53,81,57,72,79,55,63,82,75,64,79,66,Average
77,82,69,75,54,82,69,63,77,48,66,69,66,63,66,55,77,69,67,69,70,77,69,65,66,Average
79,73,73,73,68,60,78,61,80,56,80,71,58,76,79,70,77,47,57,66,68,51,63,56,66,Average
68,74,61,68,66,57,73,65,68,58,86,77,80,67,53,75,69,63,74,75,70,83,81,73,72,Good
87,98,67,84,71,67,62,61,59,74,65,53,74,70,83,78,55,48,63,53,79,70,81,71,67,Average
68,68,56,68,80,78,64,69,57,71,59,56,66,65,65,67,71,67,72,65,71,72,55,70,66,Average
75,85,69,78,77,66,72,72,71,62,70,71,85,80,92,82,79,72,92,78,62,64,49,55,73,Good
80,60,68,64,66,80,71,85,72,71,71,68,69,81,71,70,61,65,71,72,57,67,71,56,69,Average
70,75,74,71,78,68,63,62,80,70,72,79,65,56,71,66,67,85,45,69,78,75,37,67,69,Average
75,53,65,63,73,82,62,69,65,62,67,69,59,74,53,59,67,87,67,62,50,70,76,68,65,Average
59,71,60,59,66,56,60,64,57,54,64,62,68,65,70,59,75,74,66,76,59,81,72,69,65,Average
64,81,71,76,85,68,72,73,62,60,78,69,88,80,63,80,67,82,65,66,62,63,62,59,70,Good
73,61,76,62,69,58,63,64,61,66,80,67,78,59,75,78,45,62,76,61,74,64,71,69,67,Average
71,89,71,82,66,67,57,59,75,70,79,76,66,91,69,81,66,77,79,76,46,70,82,71,74,Good
63,79,61,61,73,68,58,68,75,66,67,72,82,67,77,78,79,70,61,67,73,88,65,79,71,Good
67,84,64,76,56,58,89,70,65,84,82,82,64,67,73,72,65,72,73,76,78,55,68,62,73,Good
69,79,78,75,52,100,87,84,62,69,65,72,73,62,65,72,86,85,78,81,38,73,70,62,74,Good
76,63,79,80,78,68,71,65,69,61,77,83,75,50,66,65,71,63,72,63,61,76,60,68,71,Good
80,100,71,76,64,76,54,65,74,85,83,85,48,79,77,70,53,62,58,48,70,62,96,77,70,Good
79,79,80,81,84,74,87,74,73,73,61,71,55,63,50,63,68,92,78,81,64,60,75,67,73,Good
58,72,64,59,57,74,63,69,80,84,61,76,76,65,62,75,72,76,62,63,64,69,59,64,68,Average
60,71,76,73,69,68,75,72,67,54,65,57,63,70,74,78,65,78,73,78,76,60,53,63,70,Good
50,79,58,66,70,60,66,69,71,76,90,72,86,71,61,65,68,79,69,79,55,70,57,62,69,Average
75,60,74,69,73,63,64,72,59,60,69,60,61,71,55,57,91,75,63,77,76,80,69,79,69,Average
64,80,67,68,60,74,91,71,70,84,69,76,59,74,68,72,82,96,76,85,72,66,73,69,74,Good
53,71,94,68,69,89,81,77,72,70,63,67,67,71,63,60,70,87,71,74,78,68,89,79,71,Good
50,55,70,57,90,88,61,81,77,64,55,64,68,66,74,66,58,71,74,63,79,52,64,64,66,Average
74,89,84,85,72,84,78,66,59,73,52,56,63,67,67,65,78,67,66,63,80,63,59,68,67,Average
83,72,79,78,81,74,70,74,60,75,70,66,81,57,66,73,73,70,73,73,55,67,86,68,72,Good
59,78,69,69,71,68,82,74,59,66,72,72,76,61,95,81,83,68,75,80,82,81,79,79,76,Good
89,69,63,65,52,54,73,63,54,79,65,67,86,79,67,72,48,63,68,56,69,71,68,66,65,Average
71,77,61,78,50,85,70,73,74,73,76,78,67,80,59,68,78,80,75,75,79,63,88,77,75,Good
76,63,70,65,68,64,82,83,56,51,68,51,70,77,85,79,68,50,70,64,76,63,66,61,67,Average
64,61,68,60,66,73,73,67,65,81,75,84,82,81,56,75,69,64,72,74,75,61,77,69,72,Good
81,67,83,80,58,84,86,81,62,67,71,64,87,71,43,66,67,69,66,71,81,73,67,73,72,Good
65,56,77,71,53,83,95,79,64,98,57,71,72,83,74,74,60,67,60,62,64,55,83,66,70,Good
67,83,64,80,85,65,65,66,64,58,74,59,76,76,53,75,75,77,62,74,81,69,90,81,72,Good
79,65,69,67,87,67,88,86,75,74,74,64,67,78,70,64,69,87,82,80,80,66,53,60,70,Good
74,66,77,77,65,76,62,73,62,74,68,63,79,64,53,50,61,84,83,73,66,65,57,57,66,Average
67,64,65,59,81,86,80,88,67,64,62,67,72,69,83,78,62,63,77,73,76,89,86,86,75,Good
89,77,76,80,79,67,73,68,80,73,90,94,78,71,61,73,72,75,87,75,61,68,78,73,77,Good
73,75,74,73,50,61,84,68,67,81,59,67,71,66,71,69,56,72,57,62,84,67,58,68,68,Average
51,66,72,66,65,70,45,55,75,60,71,71,67,72,60,65,76,72,64,71,77,50,82,69,66,Average
65,66,62,58,65,72,76,69,66,61,70,62,76,52,66,66,72,97,73,75,69,52,69,60,65,Average
86,84,77,89,71,76,63,71,83,64,61,69,68,76,65,78,57,83,62,58,72,67,59,57,70,Good
81,64,77,70,90,62,61,73,71,73,72,67,86,79,84,80,74,72,81,82,72,55,88,76,75,Good
66,61,68,74,56,54,85,66,63,80,64,78,77,65,92,76,77,73,83,86,70,62,75,66,74,Good
63,76,68,72,45,62,76,61,78,52,77,67,63,80,82,81,90,83,62,77,66,90,81,78,73,Good
75,79,72,74,65,63,54,55,61,65,86,71,72,73,86,75,68,69,81,80,75,82,72,75,72,Good
72,71,54,56,73,71,66,61,75,83,73,72,70,56,81,71,52,67,75,64,67,58,76,65,65,Average
55,57,71,60,57,67,75,70,51,69,56,63,78,61,62,64,47,73,67,68,59,64,55,54,63,Average
81,60,76,67,64,89,68,74,79,75,72,77,94,69,72,83,81,82,76,74,86,59,73,69,74,Good
56,61,78,68,71,73,71,78,71,55,86,74,64,57,74,65,86,67,62,75,79,72,77,76,73,Good
68,64,85,70,60,77,62,61,56,65,69,65,80,75,68,73,75,83,71,74,60,56,77,68,68,Average
71,81,88,80,76,64,60,65,56,61,76,63,77,73,89,83,81,74,73,82,77,72,72,76,75,Good
57,55,60,67,92,72,71,76,61,84,89,74,69,66,66,73,57,75,77,70,79,71,82,70,72,Good
61,86,82,83,71,73,58,71,74,76,87,77,69,73,61,66,75,67,83,68,81,77,64,68,72,Good
58,76,81,76,93,65,80,79,82,70,66,79,65,56,65,65,84,71,83,73,66,67,69,68,73,Good
67,55,73,60,62,58,65,62,73,64,81,72,62,72,90,78,66,55,68,65,66,53,61,68,68,Average
84,75,62,86,71,64,84,72,87,61,84,79,83,89,59,81,56,60,62,62,70,68,71,73,76,Good
62,59,63,67,63,65,65,66,75,40,80,74,59,60,65,58,72,51,59,68,61,82,74,63,66,Average
71,57,76,72,77,79,76,75,69,71,71,75,76,91,92,87,35,82,65,57,66,66,76,62,71,Good
77,58,82,78,67,100,82,78,77,71,62,64,80,64,69,66,63,69,74,56,70,63,84,88,72,Good
62,64,62,57,91,83,89,82,71,57,63,59,82,66,81,80,93,55,83,83,60,80,73,70,72,Good
83,62,75,74,73,83,77,79,53,60,69,62,59,94,85,83,71,68,60,66,73,58,73,68,72,Good
70,73,80,68,78,64,81,77,68,64,78,77,65,59,77,61,57,59,66,55,51,59,76,57,66,Average
71,66,71,72,70,70,63,64,56,87,58,63,63,79,67,76,63,73,62,76,58,73,76,72,70,Good
63,64,75,65,72,54,92,68,67,70,89,70,90,78,74,75,76,63,83,70,69,64,60,68,69,Average
65,62,72,60,50,65,69,63,64,83,55,60,75,58,58,64,59,69,63,59,49,71,58,58,61,Average
68,90,63,71,90,62,64,71,78,72,57,65,64,69,74,72,52,81,73,76,74,81,75,83,73,Good
91,67,67,72,64,63,65,57,62,89,77,81,82,88,52,66,62,65,67,63,72,70,63,57,66,Average
54,78,59,61,85,56,55,65,81,54,74,73,49,78,79,68,83,81,71,75,60,70,76,68,68,Average
69,70,71,74,63,62,82,68,57,65,67,71,79,81,78,84,63,68,60,62,77,71,83,72,72,Good
75,62,68,76,80,79,65,76,68,68,74,67,85,68,76,84,80,56,74,75,79,59,63,72,75,Good
69,60,64,58,90,70,63,74,69,68,76,75,65,64,67,54,55,84,86,75,76,73,100,90,71,Good
63,64,74,62,57,72,70,68,73,71,76,74,50,53,89,66,80,67,69,69,95,73,65,68,68,Average
68,56,67,55,77,78,78,78,61,62,85,78,71,65,84,71,72,84,62,76,75,70,60,64,70,Good
81,88,62,66,77,68,56,65,77,69,62,67,70,51,69,57,77,54,80,69,65,73,61,67,65,Average
77,52,35,54,56,68,67,72,74,72,78,77,65,81,59,69,55,72,72,75,54,64,78,68,69,Average
71,64,80,70,57,62,67,67,70,68,58,68,63,69,85,76,54,52,69,53,76,70,72,69,67,Average
72,80,79,79,76,83,69,69,83,65,63,61,76,54,62,67,77,63,69,65,65,73,65,66,68,Average
72,86,69,76,76,72,66,72,81,60,71,67,82,55,64,69,86,69,64,82,56,48,74,58,71,Good
72,59,60,59,71,64,75,56,61,59,67,60,78,51,70,70,89,65,73,66,46,78,70,71,64,Average
46,84,77,62,55,87,63,63,47,66,68,65,56,55,75,68,54,81,70,74,69,45,68,67,66,Average
85,69,70,82,63,78,68,65,70,77,84,85,67,60,67,59,68,67,77,60,63,63,82,65,69,Average
67,71,85,79,58,64,83,70,59,62,77,72,70,95,78,80,62,60,73,64,87,85,76,76,74,Good
76,59,64,68,61,63,83,67,80,83,63,69,67,59,71,65,74,84,78,81,50,74,87,57,68,Average
65,76,70,65,81,87,68,78,55,66,75,68,65,67,66,64,74,50,69,67,64,65,65,63,68,Average
64,73,79,72,81,85,61,70,69,73,65,75,74,70,56,59,73,49,80,68,100,93,68,85,72,Good
64,69,80,89,58,74,63,62,63,59,70,57,79,71,74,72,66,73,58,63,61,61,49,63,68,Average
72,81,68,74,69,78,63,58,75,80,74,73,59,75,71,68,88,61,88,80,52,68,80,66,70,Average
91,81,72,81,84,76,86,71,75,65,88,85,70,85,88,82,95,70,68,81,66,71,84,75,79,Good
69,58,74,69,74,73,77,74,72,66,64,74,50,79,64,60,73,55,62,59,68,62,86,82,70,Average
71,75,77,69,55,83,73,67,86,71,82,80,91,88,68,85,76,84,60,76,81,52,58,53,72,Good
74,82,56,66,67,62,87,69,64,72,58,62,73,67,69,67,55,73,88,74,72,77,57,76,69,Average
74,72,85,79,66,70,71,61,97,75,72,84,77,69,64,72,74,62,84,76,77,84,70,78,75,Good
69,71,62,68,85,62,82,84,62,55,73,62,89,70,62,67,81,64,70,77,65,70,70,72,72,Good
69,68,57,63,62,76,83,68,87,69,60,75,66,69,66,63,77,67,56,68,58,58,82,62,66,Average
76,48,70,63,82,77,54,76,74,55,71,72,58,84,55,60,61,84,65,64,74,77,77,75,68,Average
59,87,61,69,78,64,79,68,85,70,64,71,78,64,63,67,58,88,64,74,72,60,70,72,70,Good
76,62,79,70,73,78,70,75,65,68,68,63,68,55,65,61,67,68,69,71,79,64,58,61,67,Average
75,79,72,73,67,70,72,69,70,55,77,69,80,70,53,64,68,77,49,64,75,63,71,67,68,Average
82,55,75,71,76,65,62,68,86,79,65,69,53,83,60,63,83,54,85,74,59,68,63,65,68,Average
70,69,82,69,62,80,64,73,87,66,77,71,78,72,75,72,53,75,49,57,79,72,89,86,71,Good
70,59,69,66,72,77,60,77,72,77,64,77,67,73,61,61,77,66,61,64,77,64,69,70,69,Average
60,65,68,67,76,79,78,79,74,59,62,69,78,77,65,77,58,81,67,77,55,88,66,67,73,Good
81,42,50,60,75,64,71,58,77,72,70,73,75,70,51,75,82,57,67,67,81,48,65,56,65,Average
74,68,89,70,48,63,77,59,60,80,75,74,78,66,66,74,57,49,66,62,73,79,50,67,68,Average
41,83,74,70,66,53,75,65,70,81,78,86,72,63,68,70,80,55,70,77,68,79,75,79,74,Good
55,72,74,68,70,59,69,65,81,74,67,82,67,76,68,78,71,71,69,71,82,78,70,85,75,Good
62,51,86,65,72,76,85,78,65,72,83,73,60,55,58,62,67,64,63,65,68,67,83,82,71,Good
79,88,57,79,65,73,53,66,50,73,73,67,63,75,74,70,77,69,75,73,72,76,66,65,70,Good
67,67,67,77,74,74,80,78,67,68,69,68,77,71,77,75,71,50,79,70,80,41,91,72,73,Good
66,74,69,79,76,61,65,67,83,84,66,72,59,73,93,79,54,63,64,56,66,74,77,78,72,Good
77,64,80,72,62,62,52,61,52,58,49,52,68,67,60,59,75,64,73,67,72,83,76,75,64,Average
80,93,78,82,67,68,62,67,59,51,72,62,64,57,73,61,69,88,77,71,57,72,56,51,66,Average
69,72,67,76,68,72,81,71,86,55,86,75,68,51,65,57,64,69,80,73,73,59,61,73,71,Good
62,72,73,79,80,64,61,70,57,88,82,74,53,84,69,75,54,64,70,64,65,76,59,66,71,Good
55,71,64,67,61,62,50,58,68,58,72,72,68,73,73,65,91,65,77,81,69,76,72,65,68,Average
64,57,86,76,63,93,80,77,45,93,56,56,80,94,84,89,76,79,78,79,71,69,62,66,74,Good
62,81,69,80,61,53,67,65,61,57,72,57,73,67,75,65,83,68,78,81,58,79,56,57,68,Average
69,70,73,69,83,66,53,80,67,83,84,83,68,73,57,75,61,67,71,67,63,84,80,78,75,Good
85,80,75,77,77,53,67,69,77,77,73,74,75,60,62,66,72,52,75,71,69,94,63,72,72,Good
67,77,80,80,75,72,78,66,72,71,72,71,74,64,81,76,72,63,78,73,62,69,76,73,73,Good
83,41,58,56,62,73,73,72,76,60,58,66,64,54,80,74,86,72,76,85,64,81,73,77,72,Good
79,64,68,77,85,86,67,84,61,61,46,63,61,69,61,67,66,57,74,60,62,49,56,56,68,Average
59,62,81,66,55,75,65,74,73,72,66,78,74,66,62,66,60,80,52,62,76,73,63,73,70,Average
59,58,89,68,76,72,42,70,77,62,70,64,88,61,65,67,71,84,88,80,74,71,60,80,72,Good
58,66,75,68,61,70,55,67,68,81,65,68,62,79,63,71,66,50,64,55,70,58,79,70,66,Average
86,65,60,69,71,81,53,74,68,66,60,56,78,71,57,61,67,87,67,65,68,67,43,57,64,Average
78,61,61,71,74,78,61,61,61,77,91,76,93,78,56,75,79,46,76,74,74,69,68,69,71,Good
60,62,60,61,59,63,63,61,55,71,82,71,85,83,78,82,70,78,66,61,75,59,60,64,67,Average
48,70,67,57,75,87,43,63,58,71,67,62,77,86,97,84,52,76,86,77,86,68,64,72,69,Average
72,68,85,68,62,85,71,77,91,63,69,72,50,67,79,69,76,66,63,74,65,73,72,77,73,Good
69,63,48,67,77,75,72,67,65,78,59,54,68,69,71,73,76,73,82,70,75,76,58,61,65,Average
76,81,78,81,81,82,84,85,68,71,82,71,74,66,70,76,72,70,56,69,76,92,67,78,77,Good
73,63,87,81,81,78,75,71,76,71,83,81,76,53,69,63,73,66,67,71,66,71,55,59,71,Good
73,69,76,72,67,84,69,77,68,87,63,69,85,66,86,84,68,52,70,65,82,86,63,80,74,Good
43,70,65,55,64,64,70,60,73,84,73,80,81,82,89,82,63,78,77,77,89,70,74,73,71,Good
66,53,71,63,90,87,79,81,77,73,72,66,81,71,69,70,62,73,53,66,59,49,88,64,68,Average
65,72,90,74,60,59,68,58,87,72,80,78,59,57,61,61,75,76,55,67,60,74,75,64,67,Average
79,83,74,86,74,68,70,70,65,86,73,75,74,100,59,71,56,68,72,64,65,71,65,68,72,Good
72,78,77,80,61,59,66,62,68,51,87,69,72,82,47,62,66,67,68,74,77,80,70,68,69,Average
67,61,72,63,85,67,64,69,77,68,64,77,61,70,77,62,75,59,78,67,77,81,79,80,70,Average
81,67,72,68,59,77,79,73,58,70,83,80,67,53,78,66,79,73,61,70,83,69,60,61,70,Average
79,58,73,65,53,78,79,73,68,57,58,56,68,81,81,69,63,63,45,58,68,69,83,75,66,Average
73,55,60,64,70,74,87,82,83,71,62,71,62,86,78,78,82,50,76,63,70,67,77,73,72,Good
78,60,62,63,89,75,75,81,57,89,75,77,52,78,66,59,60,57,57,59,66,73,87,76,69,Average
51,76,52,58,80,77,63,65,75,83,63,69,65,76,82,69,55,93,68,73,63,75,80,75,68,Average
82,57,70,64,69,68,70,65,55,49,69,57,63,83,61,76,86,50,71,67,41,56,78,70,66,Average
63,81,89,71,60,61,79,76,59,84,63,70,57,69,69,64,74,60,61,67,83,70,75,80,71,Good
71,78,77,79,62,51,66,65,84,77,74,80,64,69,87,70,86,67,83,72,76,63,56,65,72,Good
67,58,58,52,65,66,78,71,65,69,60,69,62,59,78,70,53,79,63,63,72,76,74,74,66,Average
78,66,74,75,74,62,71,71,70,49,72,75,66,63,74,70,82,57,77,76,69,73,80,79,74,Good
63,73,68,63,77,64,55,62,62,80,72,78,63,79,98,84,79,77,56,72,73,67,61,70,72,Good
69,78,72,77,79,74,75,71,64,78,84,67,64,70,61,61,75,86,50,67,75,78,73,84,71,Good
77,68,62,72,87,78,66,71,71,79,66,70,98,81,82,79,63,71,60,72,84,65,88,80,74,Good
75,56,78,65,76,76,63,74,73,65,60,55,73,54,71,65,77,67,67,73,73,73,75,66,66,Average
68,77,80,75,62,52,63,57,71,67,77,69,69,82,73,74,64,64,61,60,78,68,57,75,68,Average
69,71,70,73,68,76,69,80,71,93,74,78,61,56,60,55,74,65,72,77,69,91,58,71,72,Good
62,56,73,68,68,85,57,72,64,87,90,77,65,79,66,69,70,51,70,61,65,84,57,72,70,Average
61,65,76,68,69,83,63,80,63,71,67,68,74,74,62,64,95,65,77,71,67,69,75,57,68,Average
68,53,75,59,71,72,79,84,56,69,67,67,72,66,66,62,80,75,79,76,63,59,74,61,68,Average
73,62,77,68,77,67,53,60,66,84,79,85,87,65,68,71,63,52,70,56,70,91,65,75,69,Average
69,76,77,70,60,61,69,63,60,73,93,74,66,76,64,71,63,88,73,72,64,65,84,66,69,Average
75,65,64,58,76,83,61,64,78,54,82,68,59,72,60,60,74,46,86,71,57,60,80,70,65,Average
84,85,71,73,59,49,59,57,64,68,75,68,59,69,61,62,83,67,88,87,64,59,69,70,70,Average
63,68,82,73,65,75,59,69,74,67,62,63,75,82,64,75,49,64,70,57,61,63,73,65,67,Average
59,67,82,71,93,74,72,77,71,68,77,78,62,57,52,59,59,48,74,74,70,78,71,72,72,Good
89,61,62,73,55,64,76,63,68,77,74,75,67,74,69,72,65,68,60,64,62,59,73,66,69,Average
60,54,76,72,60,86,73,73,66,56,80,65,62,80,51,55,70,73,75,71,95,68,68,72,68,Average
61,58,64,62,64,67,77,68,57,76,73,70,76,75,70,85,57,64,80,69,78,72,84,73,71,Good
67,85,85,79,60,49,55,48,84,71,74,65,58,79,73,69,76,86,68,76,72,94,49,73,68,Average
47,76,67,63,67,72,62,74,55,74,76,66,60,80,60,63,79,70,52,74,65,66,73,71,68,Average
63,38,65,56,69,90,76,80,54,66,65,58,62,52,57,61,69,65,70,74,70,75,62,65,66,Average
60,87,75,74,77,73,69,66,67,76,69,75,74,61,57,62,65,73,63,63,81,71,63,71,68,Average
72,58,72,70,61,72,71,62,74,76,81,82,56,61,75,68,75,100,76,89,80,77,67,77,75,Good
87,57,71,73,76,62,87,76,59,70,67,79,80,70,69,78,80,41,76,67,57,79,92,80,76,Good
64,66,73,70,77,90,68,73,56,63,70,73,65,72,70,75,95,65,65,79,77,88,76,78,75,Good
67,64,61,67,68,66,62,61,73,57,80,68,69,57,70,64,69,85,72,71,63,76,83,76,68,Average
68,95,67,79,51,74,81,67,45,70,70,66,90,66,61,66,72,75,65,74,75,70,61,66,70,Average
72,75,87,75,57,61,57,65,85,73,82,81,69,67,67,60,73,70,77,74,68,61,71,71,71,Good
79,68,84,74,59,69,69,70,62,84,90,79,82,59,81,80,79,70,40,58,64,60,71,64,71,Good
74,71,75,75,77,79,53,64,68,70,63,71,90,72,71,81,51,70,80,65,58,68,69,61,70,Average
75,82,55,71,58,76,64,61,78,64,67,58,79,78,70,68,82,63,65,81,63,77,76,74,69,Average
77,62,75,73,69,65,64,67,76,69,73,72,71,68,70,83,73,76,74,73,83,67,81,76,74,Good
56,54,91,67,68,59,79,66,65,73,59,64,84,74,71,77,66,90,62,73,71,80,81,78,71,Good
72,75,74,81,65,77,81,81,47,64,60,58,50,50,92,70,71,74,71,77,64,72,72,64,72,Good
84,67,68,80,75,74,58,71,61,59,67,59,68,56,80,74,51,80,62,68,69,70,68,75,71,Good
90,72,50,66,71,88,80,75,94,70,82,76,46,56,37,56,72,61,75,71,76,82,67,70,69,Average
72,83,69,73,76,71,66,73,63,64,65,71,38,74,70,53,73,75,76,61,84,63,77,78,68,Average
73,79,57,59,64,88,90,91,68,52,47,52,68,83,79,78,61,60,73,69,74,60,77,73,70,Good
62,63,90,74,78,62,62,72,57,66,70,65,68,74,77,77,60,67,82,75,56,74,50,59,70,Good
68,59,71,64,76,70,51,59,70,71,56,57,71,56,53,57,65,61,63,63,63,71,66,67,61,Average
54,71,64,68,56,65,88,67,68,58,57,68,72,71,53,66,82,81,77,74,73,77,52,60,67,Average
68,94,75,87,67,84,91,81,65,57,67,64,90,57,71,63,66,73,75,75,74,76,70,68,73,Good
72,85,64,73,77,57,100,80,71,83,79,78,71,55,64,66,74,82,69,68,81,84,79,80,74,Good
63,77,86,80,83,80,78,78,71,66,68,69,77,74,68,73,74,77,55,62,81,69,66,70,72,Good
81,73,76,68,74,63,62,74,68,60,66,58,84,63,75,81,65,75,60,78,79,68,62,69,71,Good
52,59,85,77,69,58,91,82,77,62,70,69,73,85,79,73,84,73,77,85,59,70,65,57,74,Good
65,56,73,65,75,65,82,70,87,53,74,74,62,74,83,63,75,45,60,68,64,58,68,74,69,Average
72,76,76,68,78,73,64,67,67,57,87,79,75,68,68,74,88,64,59,77,52,60,68,53,70,Average
58,87,74,72,72,75,56,67,65,75,63,64,87,82,37,71,69,63,60,59,63,59,56,54,64,Average
86,73,69,71,90,75,61,68,83,60,89,64,84,75,71,75,89,77,61,66,72,70,55,64,68,Average
90,53,78,78,69,78,79,69,87,54,59,65,89,67,70,82,67,58,66,71,71,89,77,76,74,Good
74,78,92,87,69,61,64,62,77,73,57,65,79,74,76,78,86,72,66,69,72,46,68,62,70,Good
70,66,69,71,74,69,81,80,74,71,77,76,81,79,60,66,63,80,54,66,74,82,72,69,71,Good
62,63,62,63,68,64,74,78,86,51,76,71,72,66,71,70,64,61,66,65,76,79,65,74,70,Good
64,58,79,70,71,74,73,79,83,75,78,81,65,78,56,71,58,73,62,67,70,54,74,64,72,Good
75,85,61,81,79,68,81,71,62,64,65,58,82,67,74,71,52,73,51,57,56,90,79,76,69,Average
60,59,77,67,76,76,50,60,60,62,66,68,82,67,67,68,71,72,78,78,47,68,84,66,68,Average
82,71,51,57,72,79,54,69,83,89,73,84,49,91,64,63,67,85,92,83,80,70,60,76,72,Good
75,69,93,85,76,57,57,64,71,64,71,77,77,59,69,64,66,66,65,59,69,64,41,66,69,Average
65,75,86,70,74,78,69,79,92,73,68,82,78,45,70,63,74,68,69,66,77,87,62,67,71,Good
86,70,58,70,60,75,73,74,62,70,56,66,75,75,70,75,86,67,71,69,61,71,81,71,71,Good
64,85,83,81,88,92,68,77,51,92,66,75,63,85,63,64,68,65,76,70,76,67,63,65,72,Good
80,81,59,68,82,69,48,57,68,58,66,64,85,67,81,85,84,73,50,70,80,69,87,84,71,Good
75,60,86,81,54,61,47,49,78,66,75,65,78,64,70,70,57,58,80,69,81,73,71,66,67,Average
48,83,72,66,79,85,42,68,56,75,71,71,65,51,65,63,80,58,80,70,74,65,72,75,69,Average
86,80,79,79,61,80,79,81,64,68,54,59,80,65,76,73,73,59,71,53,68,54,82,73,70,Average
73,65,78,66,61,60,81,73,75,81,61,73,69,78,69,70,75,79,63,71,59,45,72,63,69,Average
64,75,44,72,75,71,82,88,79,79,71,75,65,62,63,57,69,53,72,65,71,65,100,88,74,Good
69,56,72,71,59,83,54,75,66,71,51,61,72,69,64,63,81,70,85,77,66,78,54,59,68,Average
61,66,68,51,87,61,75,74,83,74,68,70,78,51,76,64,83,72,76,77,52,61,77,66,67,Average
59,62,77,66,86,75,65,74,71,63,61,68,78,76,85,78,87,61,60,59,66,65,75,70,69,Average
73,71,76,73,57,75,60,67,58,63,66,66,72,70,89,69,60,59,52,53,77,64,67,60,65,Average
82,67,78,91,71,64,72,70,65,74,57,61,78,52,79,61,53,65,73,71,71,68,76,67,70,Good
60,63,65,57,83,83,68,75,52,77,87,70,69,74,87,79,72,72,56,58,62,80,67,67,68,Average
67,69,43,53,62,79,63,63,78,54,49,58,56,56,76,68,78,81,82,70,75,65,63,70,64,Average
67,76,59,67,72,74,72,75,64,61,95,74,68,77,86,75,60,58,86,64,70,60,56,60,69,Average
80,76,69,77,63,79,86,82,63,74,57,67,75,51,58,60,67,58,74,68,68,62,80,80,72,Good
87,76,63,78,65,62,49,58,64,71,47,60,46,81,75,67,76,60,71,73,39,66,70,58,66,Average
73,72,81,79,72,85,74,83,76,52,83,72,69,73,67,70,64,83,69,70,61,73,72,71,74,Good
86,75,67,71,63,64,92,84,77,60,79,72,48,73,62,57,67,65,70,67,51,85,60,60,68,Average
73,88,69,83,79,77,50,71,69,66,55,62,70,57,55,63,79,72,82,77,69,61,54,70,71,Good
80,67,75,81,72,69,72,71,82,73,65,78,82,57,85,78,73,80,64,76,66,55,60,63,74,Good
82,75,63,77,68,67,79,72,74,77,62,72,83,60,74,69,80,80,66,86,81,77,77,83,76,Good
66,63,54,70,83,62,73,75,82,62,81,73,57,77,83,86,58,77,66,71,55,57,62,59,72,Good
79,79,55,73,71,78,64,73,78,66,70,68,87,69,61,67,71,78,57,77,73,75,69,72,72,Good
68,66,70,64,80,78,68,72,64,67,56,57,79,73,86,79,66,66,67,63,73,70,65,75,68,Average
68,66,72,69,84,74,75,83,66,57,82,71,71,64,64,70,80,78,78,81,71,68,82,73,74,Good
80,72,81,73,67,74,69,68,58,49,78,65,79,66,63,69,79,68,78,70,68,69,82,75,70,Good
65,57,66,66,64,79,61,72,83,80,67,65,76,69,60,65,84,59,75,74,66,76,86,76,70,Average
60,74,59,66,58,67,56,74,53,70,81,75,79,67,84,82,72,72,67,66,82,83,61,73,73,Good
59,73,79,64,95,82,70,77,68,71,74,79,65,76,57,63,74,77,62,68,85,82,72,68,70,Average
72,63,69,65,63,75,61,62,56,65,83,65,63,72,66,78,68,73,79,79,72,68,90,78,71,Good
61,77,68,59,88,66,85,86,60,80,63,58,66,74,65,67,81,71,62,74,72,45,74,67,68,Average
90,81,91,86,71,75,70,68,61,72,59,58,74,69,79,73,64,74,62,63,64,68,88,68,69,Average
66,69,71,70,76,68,79,77,64,83,56,66,80,63,73,75,61,69,68,64,93,62,80,77,72,Good
66,72,74,70,52,73,74,64,57,85,75,71,59,62,83,70,64,75,62,74,84,65,64,57,68,Average
64,60,46,55,85,77,72,74,80,69,86,74,63,62,55,55,71,63,35,60,53,76,70,77,66,Average
62,57,78,69,74,66,67,67,69,78,73,76,75,79,73,77,82,63,61,62,72,51,75,66,70,Average
68,96,75,70,63,69,73,62,69,63,59,64,78,78,76,75,77,73,71,71,65,71,94,80,70,Good
78,76,60,69,70,69,73,78,81,57,76,78,74,81,90,88,72,80,71,75,66,86,62,78,78,Good
58,45,62,48,85,88,56,81,80,54,66,64,77,58,69,65,75,68,65,68,90,66,60,74,67,Average
73,60,70,65,67,66,60,54,63,72,57,63,89,80,86,87,82,63,64,55,82,85,64,75,66,Average
73,59,68,67,70,71,62,63,63,54,73,69,78,67,62,72,76,72,87,79,67,66,54,65,69,Average
64,51,68,55,72,58,65,66,68,73,77,67,69,37,72,59,60,73,82,70,61,72,57,59,63,Average
81,92,71,84,64,70,68,72,82,69,85,87,78,65,64,64,79,58,77,67,78,70,83,84,76,Good
61,65,67,70,58,66,80,68,75,69,73,71,77,55,66,67,75,85,66,82,63,83,78,71,72,Good
56,64,63,56,74,75,65,81,53,71,68,61,63,70,68,65,57,54,67,58,68,69,65,66,64,Average
49,55,74,61,68,66,90,72,79,70,69,78,85,68,78,79,70,72,63,66,64,79,69,64,70,Good
62,74,81,65,74,67,71,73,68,69,68,73,74,72,57,65,79,70,77,84,80,71,65,59,70,Average
67,69,85,76,76,73,72,75,51,68,82,88,58,74,64,76,56,76,56,61,70,81,59,72,75,Good
77,81,88,82,65,76,59,62,80,69,58,60,70,81,81,79,90,69,69,62,66,79,86,73,70,Average
66,70,72,51,62,66,85,67,72,85,57,72,62,65,62,59,97,78,81,88,54,74,81,66,67,Average
41,67,79,59,77,82,37,62,41,69,70,49,89,73,62,81,52,58,47,61,73,77,73,77,65,Average
59,83,65,62,66,68,73,70,62,77,64,66,77,64,64,71,61,66,76,79,76,75,75,70,70,Average
68,63,66,71,75,80,54,68,80,85,55,69,80,68,61,61,61,53,71,67,57,73,78,70,68,Average
59,75,72,69,79,70,75,78,65,73,67,68,67,75,71,73,70,54,70,66,72,64,58,67,70,Good
89,71,69,75,66,80,59,69,66,62,96,79,76,81,56,78,45,62,65,61,72,68,70,65,71,Good
63,80,43,59,56,65,67,61,64,59,93,84,58,86,66,70,69,63,80,72,65,57,61,53,66,Average
50,75,79,72,63,68,63,62,58,69,55,59,58,72,63,66,81,86,45,64,67,75,53,59,64,Average
80,74,69,78,60,68,68,59,66,49,89,65,86,70,76,75,72,77,77,79,66,65,54,64,70,Good
77,51,69,75,59,71,92,79,71,75,66,77,66,50,66,57,67,67,82,77,73,70,59,56,70,Good
87,64,70,73,48,58,59,60,79,73,78,76,82,70,71,73,77,66,80,69,59,77,69,66,70,Average
70,77,66,76,73,63,70,68,75,58,70,70,70,83,78,77,72,73,74,64,67,55,83,69,71,Good
82,73,61,69,73,68,79,66,55,72,65,61,52,70,69,68,71,69,82,68,75,53,62,57,65,Average
96,48,76,71,64,64,61,71,78,70,84,70,57,48,63,57,71,71,56,69,72,77,51,67,68,Average
75,71,80,82,77,64,59,63,90,73,91,85,67,69,69,65,59,75,81,85,66,66,62,70,75,Good
62,63,68,73,63,87,78,78,77,70,83,80,53,73,78,68,71,64,56,55,55,77,45,54,68,Average
62,65,73,69,75,81,56,64,72,63,100,83,69,65,65,66,71,65,67,75,84,73,57,72,72,Good
71,69,68,75,72,77,80,79,60,56,71,63,71,70,96,74,50,73,66,65,76,83,55,67,70,Good
79,69,73,72,79,64,69,74,82,65,90,81,60,74,66,69,70,71,61,71,58,59,74,73,73,Good
55,74,66,64,82,63,78,82,65,77,68,74,54,54,66,54,65,68,77,69,62,66,62,59,67,Average
67,82,59,73,79,68,81,75,57,80,69,72,88,63,69,81,77,63,60,63,63,72,71,70,72,Good
65,68,69,68,63,82,52,63,78,75,60,66,60,76,63,67,73,94,73,75,55,67,69,53,65,Average
66,70,72,71,81,59,76,76,80,56,73,78,69,75,78,69,88,75,75,71,78,75,86,79,74,Good
68,69,61,66,64,66,67,65,79,69,80,84,79,75,73,80,71,80,76,74,79,71,69,70,73,Good
62,66,78,64,86,57,93,89,71,54,69,63,57,73,62,60,68,64,91,73,74,71,74,75,71,Good
79,84,74,68,85,61,62,70,84,81,79,79,67,73,69,74,78,76,45,65,69,72,62,61,70,Average
67,67,56,60,74,67,55,79,73,71,59,68,68,51,59,64,89,74,81,81,69,81,87,86,73,Good
74,82,62,61,65,80,54,59,72,69,76,66,67,82,58,75,59,78,66,62,65,75,70,76,66,Average
71,74,70,69,50,64,60,61,79,79,78,78,65,63,55,65,68,58,62,58,70,81,67,61,65,Average
76,75,72,79,70,81,84,82,63,69,82,65,66,67,61,69,74,63,76,71,61,63,74,72,73,Good
71,81,61,69,85,63,68,73,60,66,71,66,83,85,61,76,77,85,77,81,77,77,61,71,73,Good
66,65,74,69,62,81,71,74,53,46,56,49,76,47,86,72,84,61,75,74,78,68,75,79,70,Average
63,66,65,65,62,81,70,71,67,72,78,68,63,67,57,58,65,79,73,73,79,69,74,73,68,Average
97,68,81,89,72,62,46,62,62,72,58,62,70,73,59,72,64,53,69,63,72,84,68,73,70,Good
64,64,80,65,81,73,75,75,64,85,68,69,69,72,60,63,64,78,61,58,50,55,84,65,66,Average
66,69,66,61,66,73,70,70,63,82,58,69,82,75,68,72,80,56,60,63,82,74,60,69,67,Average
86,70,58,64,73,66,69,78,63,71,84,75,54,75,58,69,62,100,85,78,70,78,78,78,74,Good
70,77,59,69,72,75,73,85,64,65,64,61,64,82,84,74,62,75,64,70,72,55,85,81,73,Good
81,80,61,81,55,64,75,61,73,72,68,75,68,72,81,79,78,59,75,67,57,69,61,66,72,Good
76,63,87,67,83,68,79,77,81,66,59,75,69,72,82,70,76,64,69,70,55,62,84,73,72,Good
69,62,82,67,73,74,61,69,61,84,59,64,58,56,86,71,71,63,79,68,78,61,64,71,68,Average
51,65,69,69,69,68,74,69,78,90,92,88,73,86,69,79,59,67,82,67,69,54,90,79,75,Good
56,65,79,66,48,70,59,60,86,78,85,80,69,60,63,59,57,84,49,69,82,75,59,63,66,Average
84,58,57,59,61,81,76,70,70,84,89,83,43,73,79,68,77,74,58,64,67,81,62,71,69,Average
80,75,73,69,71,47,78,68,57,86,52,66,76,58,70,60,42,59,64,59,71,71,60,64,64,Average
73,73,47,55,64,64,58,65,70,68,57,64,44,68,71,63,54,72,60,58,77,90,71,74,63,Average
53,63,82,63,65,75,78,72,64,84,87,84,71,62,62,67,74,84,77,71,81,60,66,70,71,Good
53,73,71,59,75,65,97,78,66,61,83,69,63,77,56,68,88,76,76,84,87,82,74,85,74,Good
70,75,60,61,71,67,76,71,72,54,89,72,77,62,73,64,75,66,70,74,58,63,75,77,70,Average
70,74,79,80,66,75,75,74,65,60,75,59,67,44,57,52,81,77,64,77,79,68,56,66,68,Average
66,65,64,65,93,63,67,73,63,81,46,59,78,67,62,70,79,72,62,72,66,77,85,64,67,Average
79,65,62,65,56,70,62,67,76,87,74,81,84,64,55,67,56,95,85,90,71,76,65,74,74,Good
65,59,68,70,70,79,85,75,68,92,84,73,74,70,78,71,62,63,64,67,58,64,52,62,70,Average
83,71,71,68,67,68,62,65,66,71,71,65,66,71,82,75,63,74,87,81,75,77,84,85,73,Good
61,63,90,75,79,78,69,73,72,72,64,70,63,68,67,60,46,61,88,66,78,49,60,55,66,Average
87,80,63,69,66,74,72,77,78,80,73,70,68,81,69,75,67,60,69,67,63,68,61,69,71,Good
66,84,70,68,76,66,58,61,87,74,71,76,73,73,73,73,79,70,60,66,50,90,79,69,69,Average
65,74,94,76,71,61,71,64,80,71,61,74,72,80,59,71,78,66,57,66,82,81,66,69,70,Good
72,68,78,79,55,64,78,65,62,80,57,64,73,64,78,70,84,69,77,80,64,49,74,64,70,Good
71,58,71,67,62,72,72,75,54,69,62,66,78,75,63,75,55,53,57,55,77,40,83,69,68,Average
73,86,70,67,76,91,77,77,59,60,90,70,63,68,67,74,60,82,71,77,86,71,67,74,73,Good
60,71,71,62,68,74,74,75,73,65,65,61,88,70,68,70,99,59,66,76,76,80,88,84,71,Good
73,73,70,71,56,66,67,59,68,74,89,79,73,69,51,63,71,95,68,78,70,58,81,75,71,Good
88,62,66,67,72,65,72,75,45,75,65,64,61,82,79,77,78,63,64,71,62,84,67,73,71,Good
69,80,70,76,66,72,62,72,62,67,67,63,77,67,84,73,72,62,74,70,68,82,63,73,71,Good
63,73,65,71,54,77,79,76,54,73,63,57,66,61,79,72,58,63,66,62,80,77,71,74,69,Average
82,65,73,74,59,80,76,62,73,62,81,66,66,74,71,74,55,87,75,79,79,70,57,65,70,Good
82,60,67,71,82,69,69,76,59,86,61,58,70,87,76,81,70,68,55,52,72,83,73,79,70,Average
74,49,51,61,65,60,83,72,79,68,97,80,87,69,53,71,73,59,61,64,73,45,81,65,69,Average
76,68,84,75,67,77,69,71,45,70,52,49,57,60,65,58,77,72,51,65,73,67,69,71,65,Average
85,70,74,75,55,80,79,75,68,76,79,83,80,71,57,69,73,77,84,78,91,52,74,69,75,Good
77,56,82,74,66,71,52,64,60,56,55,62,64,85,65,62,59,82,68,67,72,75,81,84,69,Average
75,66,76,69,84,80,73,77,79,74,72,80,84,57,59,62,55,69,76,68,65,81,71,74,72,Good
68,72,70,74,82,62,67,75,56,50,72,63,63,64,62,59,77,58,67,63,55,79,65,67,67,Average
66,71,70,65,87,55,77,73,89,73,66,74,70,59,62,55,61,71,73,59,69,76,68,67,66,Average
76,77,69,67,63,82,65,70,59,73,65,71,78,65,69,68,56,61,72,66,71,67,79,74,69,Average
80,65,81,82,81,63,68,72,56,86,70,72,64,57,64,63,77,72,73,72,75,85,77,83,74,Good
69,73,73,74,86,75,68,80,82,58,76,76,67,84,68,73,68,70,59,58,86,62,60,58,70,Average
64,88,77,74,76,80,76,69,63,68,69,70,72,57,74,71,76,81,78,81,69,53,74,68,72,Good
66,78,64,64,54,83,59,68,60,83,92,71,59,78,75,75,64,90,71,69,67,58,86,69,69,Average
73,86,65,72,72,68,51,59,77,84,58,66,70,49,66,53,84,62,87,84,64,59,68,64,66,Average
75,69,56,62,67,54,63,65,84,66,78,66,77,62,73,70,83,61,76,72,68,68,62,66,67,Average
53,65,63,64,59,78,84,78,73,60,62,71,78,70,66,60,59,89,57,68,80,57,72,75,69,Average
68,77,88,84,67,59,96,76,70,70,72,70,64,65,70,64,63,71,67,75,43,81,82,60,72,Good
81,57,65,63,80,83,72,73,66,64,60,62,76,75,70,73,69,57,72,64,57,74,64,66,67,Average
63,63,78,66,61,64,81,70,68,69,83,71,83,72,68,86,59,66,58,66,87,87,82,84,74,Good
67,90,58,71,70,69,69,69,79,76,74,61,73,53,76,76,61,67,64,70,71,87,74,78,71,Good
53,57,78,63,83,58,69,72,58,80,75,64,70,74,64,61,73,92,66,84,62,72,78,71,69,Average
54,85,91,86,67,58,59,53,69,86,69,75,84,66,90,91,69,64,77,69,58,83,82,76,75,Good
63,82,81,69,59,96,88,81,73,64,74,67,50,57,70,54,69,59,62,68,72,70,79,77,69,Average
75,65,50,60,67,67,76,81,71,68,67,69,62,71,75,71,75,74,52,69,63,59,59,62,69,Average
55,87,76,72,70,75,80,72,74,65,68,70,70,77,75,67,56,66,88,68,68,65,64,66,69,Average
63,74,62,74,80,78,69,83,68,70,72,73,76,65,65,72,77,66,54,64,76,88,58,70,73,Good
62,76,69,77,82,68,77,74,70,66,78,79,78,79,79,82,59,87,88,78,66,76,76,72,77,Good
66,40,62,54,84,74,62,77,70,70,58,60,62,70,71,76,74,43,73,57,60,62,63,55,63,Average
91,60,66,74,69,60,81,83,72,61,55,63,81,75,70,72,59,78,79,65,86,76,84,75,72,Good
55,83,64,80,64,72,85,85,91,82,80,87,78,64,62,67,68,65,77,76,71,85,59,69,77,Good
60,65,68,59,65,59,69,59,62,57,68,59,79,74,69,70,74,77,71,82,75,79,71,78,68,Average
61,77,84,80,76,55,66,76,81,55,69,70,62,47,71,57,62,66,69,66,61,68,52,61,68,Average
72,86,63,82,78,76,72,74,82,71,50,61,68,73,69,76,50,71,52,61,69,74,61,74,71,Good
73,72,88,79,72,77,82,82,75,54,65,69,73,78,89,75,81,67,79,76,91,71,64,76,76,Good
68,69,61,70,59,69,73,74,70,79,77,76,59,56,71,60,79,77,68,68,75,60,62,61,68,Average
65,57,73,65,73,61,75,64,62,68,87,78,81,84,100,90,84,80,80,90,66,65,73,68,76,Good
77,60,64,71,85,70,42,62,70,68,73,68,78,58,82,82,61,61,74,60,65,81,77,85,71,Good
75,65,58,51,70,88,87,80,64,75,60,67,78,82,69,75,61,62,68,66,79,62,85,75,69,Average
59,70,99,88,71,72,60,63,74,65,79,81,73,71,53,68,59,66,80,74,65,66,63,59,72,Good
62,67,74,65,62,72,72,67,65,72,56,56,63,68,73,76,79,68,70,67,70,67,73,66,66,Average
60,68,48,59,84,55,64,69,83,66,63,60,71,90,73,77,73,70,62,72,72,70,60,73,68,Average
76,83,72,80,69,84,63,80,70,56,71,63,78,63,66,59,65,46,54,59,78,74,60,70,68,Average
81,79,62,66,67,86,76,80,79,74,71,78,65,56,77,73,59,78,87,76,62,71,64,63,73,Good
57,58,71,60,67,80,77,82,60,67,78,71,85,74,88,86,81,67,70,77,86,77,69,84,77,Good
79,70,74,69,64,65,79,79,62,81,48,56,60,56,54,59,68,74,77,75,77,69,58,72,68,Average
84,73,76,74,80,93,62,71,72,79,69,68,69,76,66,73,82,72,70,78,61,60,67,61,71,Good
80,50,66,67,61,87,64,70,76,64,52,60,80,67,62,73,67,65,71,72,94,78,82,82,71,Good
73,56,71,70,80,56,83,83,74,60,67,67,73,70,73,72,73,65,67,65,89,85,76,89,74,Good
72,54,73,72,50,74,82,64,87,74,63,73,76,71,75,69,72,56,69,61,63,82,81,79,70,Average
84,72,86,87,71,73,85,73,87,68,85,80,73,70,65,67,84,47,58,59,59,85,83,79,74,Good
74,65,59,70,69,65,70,82,82,82,74,80,46,63,65,49,58,50,70,65,81,74,60,61,68,Average
67,75,66,71,84,49,78,63,82,64,58,70,74,60,57,62,58,59,71,59,74,85,69,76,67,Average
61,70,77,72,63,82,71,76,85,81,81,83,78,72,58,70,73,76,69,68,77,57,85,73,74,Good
77,56,79,71,100,48,84,76,54,65,73,70,87,84,60,81,74,63,68,65,70,63,60,66,72,Good
73,82,62,68,67,49,71,54,71,79,65,79,55,82,77,63,97,69,61,67,68,69,71,68,66,Average
85,73,58,76,82,71,90,86,77,62,76,73,75,63,71,66,49,80,55,61,73,73,67,72,72,Good
67,71,81,66,50,64,54,54,75,61,56,63,79,53,78,75,80,82,92,84,71,66,70,77,70,Average
78,54,68,74,84,79,75,87,89,69,60,70,100,54,65,65,71,58,69,57,76,82,66,73,71,Good
83,67,67,74,85,74,63,65,59,71,63,65,64,59,58,68,79,87,75,78,83,70,72,75,71,Good
86,56,87,76,70,59,62,61,60,68,66,74,58,71,72,62,77,66,45,64,59,60,77,65,67,Average
83,70,57,60,82,66,58,56,66,74,63,62,65,82,56,63,82,75,72,73,70,65,61,60,62,Average
62,67,51,61,57,81,64,67,70,72,70,69,73,75,62,71,82,77,79,80,61,62,73,71,70,Average
76,79,71,74,71,72,64,62,49,83,75,71,83,57,53,65,73,53,74,65,62,67,46,54,65,Average
58,80,63,67,66,57,68,67,58,78,62,63,75,63,70,68,71,46,52,59,80,61,68,71,66,Average
69,72,71,75,79,59,79,67,76,76,51,66,65,62,84,68,62,71,77,70,82,75,48,64,68,Average
66,63,73,76,71,80,56,69,59,55,63,65,80,72,55,66,73,72,52,60,69,75,48,62,66,Average
63,62,84,71,76,85,46,73,71,74,62,64,75,94,80,89,68,64,62,62,49,63,64,59,70,Average
64,78,72,74,82,73,85,85,65,83,73,71,73,81,75,85,81,75,60,70,71,77,76,76,77,Good
58,63,72,77,61,90,90,81,67,63,69,60,69,85,64,71,53,74,73,67,68,67,75,70,71,Good
75,77,87,82,71,61,74,73,68,75,67,73,79,79,71,71,64,76,94,78,75,64,60,62,73,Good
58,66,37,49,69,76,67,72,48,69,53,51,68,83,74,75,70,63,65,68,56,76,66,70,64,Average
71,64,71,74,72,72,63,78,64,53,79,66,67,65,89,77,75,72,73,80,67,55,79,71,74,Good
81,56,72,69,67,66,74,74,74,69,68,75,75,71,70,73,65,78,59,65,76,59,54,62,70,Average
72,100,74,79,79,75,74,79,91,59,75,70,76,61,66,66,80,79,58,71,63,57,68,62,71,Good
71,72,51,61,63,63,76,64,64,49,67,55,71,60,71,67,87,75,52,63,71,61,40,62,62,Average
84,68,70,74,61,71,84,75,70,68,73,75,76,67,73,75,60,72,48,61,77,77,66,74,72,Good
65,71,58,66,64,67,64,74,70,59,78,64,72,50,57,60,77,72,69,71,55,63,65,67,67,Average
62,81,70,67,88,76,35,61,56,62,69,65,73,81,76,79,72,83,67,72,51,81,69,82,71,Good
61,85,62,67,63,63,70,65,65,67,63,67,91,61,74,75,77,77,72,75,66,62,69,60,68,Average
73,83,76,77,76,75,78,66,54,80,55,64,66,60,73,68,91,64,84,82,63,78,76,73,72,Good
50,77,59,63,91,61,45,62,81,90,58,77,65,69,96,71,73,75,81,77,73,66,73,69,70,Average
87,73,76,85,74,65,66,69,57,69,81,59,85,81,65,79,70,82,80,71,76,68,71,68,72,Good
73,79,71,79,65,84,93,80,66,85,86,77,66,67,57,58,60,62,70,66,86,60,80,75,72,Good
70,66,65,68,52,68,93,68,83,71,64,65,71,85,66,73,80,73,54,68,85,70,43,65,68,Average
73,78,77,79,63,72,62,65,73,87,57,73,85,78,78,83,83,59,56,65,48,82,82,70,72,Good
78,70,64,75,75,62,70,63,77,67,66,69,70,79,76,74,78,74,66,71,69,75,66,68,70,Good
55,63,63,59,61,65,55,62,69,53,62,63,65,63,69,68,56,76,62,64,70,65,60,63,63,Average
58,72,76,68,77,63,49,59,71,67,58,56,65,79,83,82,62,58,75,69,74,50,61,62,66,Average
48,85,56,61,66,76,54,66,90,56,72,69,74,70,64,71,88,68,77,71,60,75,85,76,69,Average
61,76,54,64,64,63,56,58,81,70,76,84,73,64,75,68,65,55,79,66,72,60,74,65,68,Average
85,78,60,70,72,53,73,58,80,79,75,74,72,65,60,63,77,70,85,82,77,54,67,61,68,Average
61,78,60,64,39,74,64,65,74,81,59,75,91,78,78,83,65,78,55,63,52,63,76,68,70,Average
67,84,78,62,60,79,72,65,64,51,69,73,78,92,79,88,90,74,68,81,85,65,63,71,73,Good
68,52,53,62,63,61,70,62,71,68,58,62,74,70,69,81,77,79,68,75,66,78,69,72,69,Average
69,76,69,81,53,71,54,46,73,71,67,70,100,67,75,77,73,68,66,78,82,71,47,63,69,Average
78,78,83,80,77,67,73,72,71,76,62,79,60,58,82,72,76,76,70,69,71,63,80,71,74,Good
55,59,80,70,74,53,66,58,82,64,59,68,64,85,63,63,48,70,64,54,82,77,70,82,66,Average
69,57,79,73,63,77,74,65,61,81,73,69,61,65,66,60,53,81,80,66,71,61,67,65,66,Average
70,79,63,72,54,74,90,69,62,63,71,61,74,78,75,67,80,79,78,81,72,80,89,77,71,Good
74,63,67,61,69,81,77,83,67,83,68,80,70,77,85,77,72,83,69,67,91,65,72,81,75,Good
72,49,76,64,89,62,53,64,50,78,49,58,49,67,86,71,61,70,70,70,56,76,43,54,64,Average
73,62,77,73,67,63,68,62,71,71,73,80,69,80,72,72,69,69,73,66,55,77,79,75,71,Good
48,69,52,52,75,57,56,74,56,87,68,68,76,83,59,69,78,73,81,80,88,72,72,78,70,Good
59,69,73,66,74,78,80,86,67,56,74,76,65,77,77,74,70,61,47,53,66,81,69,69,71,Good
79,73,67,81,70,73,70,69,70,50,55,60,86,73,63,66,78,64,76,75,75,70,74,72,70,Good
67,79,72,77,67,83,68,68,92,52,63,65,95,88,85,87,94,74,80,83,70,67,68,71,75,Good
79,66,56,64,74,76,84,73,66,58,57,57,74,78,61,66,52,72,63,71,74,68,64,61,65,Average
83,64,77,76,54,61,69,67,75,58,69,77,71,67,75,75,65,75,67,72,72,75,62,65,72,Good
87,67,67,74,75,72,57,69,66,64,70,62,59,44,87,69,69,63,41,53,77,79,76,78,68,Average
59,78,72,68,51,84,58,61,74,58,55,51,77,65,99,77,61,64,72,64,76,60,56,54,62,Average
77,75,64,73,63,72,61,72,54,82,70,67,72,77,84,80,61,71,88,82,79,78,77,84,76,Good
95,70,67,74,74,74,80,71,67,90,72,75,61,75,80,77,67,74,87,82,62,45,73,65,74,Good
73,64,62,70,68,69,73,72,56,83,71,69,74,72,78,78,77,84,79,79,59,87,68,68,73,Good
62,62,70,58,67,73,88,79,76,82,60,71,94,69,81,86,55,73,71,69,62,59,65,62,71,Good
72,67,68,73,60,89,52,62,74,76,69,72,74,68,84,80,79,60,69,68,60,74,65,69,71,Good
60,73,70,68,65,64,59,65,63,80,68,65,68,66,80,70,67,84,75,84,83,61,80,83,72,Good
75,75,71,73,80,71,84,82,64,65,63,70,66,62,73,67,73,89,79,80,56,65,77,61,72,Good
68,63,64,59,74,76,62,77,67,85,64,61,74,72,70,69,70,65,67,71,72,76,68,70,68,Average
62,78,70,72,70,76,44,55,74,50,65,63,62,63,73,72,60,64,63,50,71,79,80,73,64,Average
59,71,76,74,86,99,73,81,75,67,79,68,94,79,53,69,78,82,57,74,51,69,81,66,72,Good
90,71,66,76,57,60,82,65,60,75,82,77,80,62,56,73,67,67,83,76,75,92,64,80,74,Good
70,80,76,76,75,70,56,59,68,68,79,76,76,67,56,68,75,46,62,58,71,62,70,67,67,Average
83,69,71,76,100,83,77,81,71,62,78,72,59,71,62,64,61,70,78,70,66,72,77,67,72,Good
79,73,72,75,69,61,69,68,74,72,68,71,64,73,68,69,80,63,76,73,90,68,77,78,72,Good
91,65,58,70,79,70,75,70,85,76,80,82,78,61,65,75,86,59,72,70,63,73,81,76,74,Good
57,61,84,74,66,79,73,80,71,80,96,87,70,77,66,83,72,67,62,72,79,65,76,66,77,Good
63,65,64,60,70,62,73,68,68,61,64,68,75,60,71,73,53,75,63,67,62,52,54,56,65,Average
72,65,58,67,88,68,46,68,80,54,72,71,69,62,80,69,55,50,83,68,71,66,65,61,67,Average
68,63,57,68,76,54,78,74,71,86,72,69,74,72,64,72,53,80,61,60,69,74,72,68,68,Average
64,63,80,63,86,78,81,79,69,56,65,66,83,59,66,68,56,76,63,64,65,62,70,65,68,Average
63,50,74,71,64,74,54,66,66,62,62,62,74,57,66,65,59,88,61,65,60,88,76,70,66,Average
58,63,66,63,64,61,78,71,65,75,65,68,80,64,58,66,56,67,67,52,75,68,82,77,66,Average
68,82,80,82,65,59,64,64,75,48,70,66,67,83,74,81,68,79,86,85,59,67,67,67,74,Good
78,69,70,67,67,62,74,63,83,53,62,74,66,57,72,63,62,59,98,74,51,85,76,67,68,Average
82,69,91,79,90,60,75,72,81,65,73,70,79,63,87,73,57,80,64,66,67,57,69,71,72,Good
63,78,77,74,83,65,68,72,60,72,53,66,70,65,62,64,77,75,63,67,77,63,71,71,69,Average
59,72,63,70,86,77,54,78,86,70,83,77,51,62,87,62,70,70,65,66,71,64,56,64,70,Average
50,64,81,70,79,60,86,71,72,70,68,77,63,57,70,62,100,77,66,74,51,60,71,69,70,Good
91,63,71,80,80,67,65,69,84,67,71,72,77,72,60,64,50,62,78,71,77,76,69,77,72,Good
57,67,70,56,84,71,74,83,64,76,69,68,62,87,66,75,51,82,81,73,68,74,93,71,71,Good
68,64,72,69,71,75,58,69,66,72,80,67,67,69,65,71,63,64,63,69,65,75,90,77,70,Good
65,64,75,67,69,77,51,71,71,66,69,68,53,85,70,72,80,60,75,70,78,49,69,63,68,Average
60,64,72,69,54,70,64,60,71,64,84,80,82,65,60,69,68,64,58,63,66,77,77,79,70,Good
74,63,72,71,67,75,70,70,66,71,72,65,67,59,70,63,78,77,61,71,76,68,63,63,67,Average
66,57,66,65,60,60,73,65,70,62,68,62,79,80,52,64,55,63,69,56,61,60,72,65,63,Average
60,71,66,67,70,60,76,69,60,92,75,75,84,88,69,81,60,69,68,67,73,76,72,68,71,Good
65,85,73,76,76,59,80,72,77,59,54,67,74,61,61,71,58,86,61,71,67,76,65,68,71,Good
64,66,57,63,73,82,78,76,58,74,81,76,81,68,65,67,69,69,72,70,69,62,79,71,70,Good
83,82,57,79,67,76,61,68,73,55,76,76,68,84,68,77,48,94,85,75,50,73,56,61,73,Good
75,77,63,68,64,75,80,72,79,71,69,72,77,73,93,78,75,65,61,66,71,99,68,73,72,Good
65,60,80,72,78,53,68,65,67,64,67,70,51,88,75,71,79,55,63,65,84,70,75,73,69,Average
55,78,66,60,65,83,65,72,63,78,77,82,68,77,71,78,63,77,68,69,71,73,69,72,72,Good
74,62,58,60,75,83,75,80,75,71,77,62,71,60,82,71,70,55,80,73,76,62,62,67,69,Average
69,60,54,61,62,56,64,55,87,79,70,85,71,61,85,76,60,68,61,56,79,89,56,76,68,Average
91,70,70,73,75,58,92,83,80,56,72,76,76,60,63,64,64,85,51,68,57,60,50,52,69,Average
74,68,77,83,69,60,81,71,48,78,65,63,73,72,77,72,75,67,77,77,61,81,65,72,73,Good
94,74,56,70,80,91,54,64,89,74,61,76,44,70,73,68,60,71,61,65,61,66,60,65,68,Average
77,50,61,61,77,95,68,72,74,83,71,71,80,77,60,73,80,82,69,74,82,58,74,65,69,Average
55,74,69,73,82,76,73,79,71,69,84,84,69,72,71,63,67,86,63,81,82,74,76,72,75,Good
67,65,69,64,75,72,78,70,67,68,75,66,79,82,60,70,65,96,66,83,57,60,63,56,68,Average
62,63,61,58,69,63,77,78,64,72,75,73,71,77,75,68,79,79,62,72,77,68,81,88,73,Good
